# times, data, noise_only, signal_only
0.000000000000000000e+00 -1.869246746334427924e-25 -2.051736001893431642e-25 1.824892555590037471e-26
9.765625000000000000e-04 3.435002993209344971e-25 3.529944817603090380e-25 -9.494182439374558119e-27
1.953125000000000000e-03 -5.953982153836465401e-23 -5.950229751918592676e-23 -3.752401917872399553e-26
2.929687500000000000e-03 4.523981356703288470e-23 4.530451597427906879e-23 -6.470240724618438221e-26
3.906250000000000000e-03 3.670470417953689710e-23 3.679509522940499813e-23 -9.039104986809999394e-26
4.882812500000000000e-03 -1.701660737044957174e-23 -1.690311422740355272e-23 -1.134931430460187911e-25
5.859375000000000000e-03 8.959704474135024465e-23 8.973052707249554704e-23 -1.334823311453001400e-25
6.835937500000000000e-03 -5.101637744505319957e-23 -5.086694724409359421e-23 -1.494302009596068235e-25
7.812500000000000000e-03 9.278165840230339198e-23 9.294267609997550882e-23 -1.610176976721161005e-25
8.789062500000000000e-03 7.420814078052701930e-23 7.437570018053746857e-23 -1.675594000104435800e-25
9.765625000000000000e-03 -2.808121106082827881e-23 -2.791218423833205020e-23 -1.690268224962286569e-25
1.074218750000000000e-02 -9.736593199187867466e-24 -9.571534115518269550e-24 -1.650590836695982603e-25
1.171875000000000000e-02 4.191862301939545620e-23 4.207458442978249089e-23 -1.559614103870372105e-25
1.269531250000000000e-02 -5.072223700380729394e-23 -5.058053607104631108e-23 -1.417009327609844001e-25
1.367187500000000000e-02 -3.573369075071451027e-23 -3.561077655866131527e-23 -1.229141920531976184e-25
1.464843750000000000e-02 1.349108725819222977e-23 1.359098192722949383e-23 -9.989466903726387775e-26
1.562500000000000000e-02 -7.591265248286285415e-23 -7.583907632466720764e-23 -7.357615819565116094e-26
1.660156250000000000e-02 8.513175816186498905e-23 8.517625731182295961e-23 -4.449914995797317290e-26
1.757812500000000000e-02 8.483878665534884101e-23 8.485258944577227565e-23 -1.380279042343021528e-26
1.855468750000000000e-02 -1.215189665066131864e-23 -1.216970356397275931e-23 1.780691331144037045e-26
1.953125000000000000e-02 -1.272263741390158151e-22 -1.272754546116452076e-22 4.908047262939516760e-26
2.050781250000000000e-02 2.233771400430021398e-23 2.225843606365010431e-23 7.927794065011010176e-26
2.148437500000000000e-02 1.251592531590995629e-22 1.250520708444254852e-22 1.071823146740677511e-25
2.246093750000000000e-02 4.126020933605262464e-23 4.112807078097599007e-23 1.321385550766316752e-25
2.343750000000000000e-02 -1.361533284307967546e-22 -1.363063963533637731e-22 1.530679225670144540e-25
2.441406250000000000e-02 7.580363106340925255e-23 7.563410759382337540e-23 1.695234695858747152e-25
2.539062500000000000e-02 5.124893835779927384e-23 5.106824495562682481e-23 1.806934021724476063e-25
2.636718750000000000e-02 -1.024433837142214199e-23 -1.043077126535130985e-23 1.864328939291675424e-25
2.734375000000000000e-02 -7.802060824479463601e-24 -7.988314426814415021e-24 1.862536023349516954e-25
2.832031250000000000e-02 1.176738308556011481e-22 1.174934648138080157e-22 1.803660417931350603e-25
2.929687500000000000e-02 -3.022173148808302056e-23 -3.039039203478226978e-23 1.686605466992471086e-25
3.027343750000000000e-02 -1.028997758281448724e-22 -1.030514989533722794e-22 1.517231252274077694e-25
3.125000000000000000e-02 6.962254052769864808e-24 6.832461835228649773e-24 1.297922175412157467e-25
3.222656250000000000e-02 1.366495870351965147e-22 1.365458060075530897e-22 1.037810276434235204e-25
3.320312500000000000e-02 2.577866935011073086e-23 2.570443626465599443e-23 7.423308545473624056e-26
3.417968750000000000e-02 6.606867574380123852e-23 6.602635130917438571e-23 4.232443462685683601e-26
3.515625000000000000e-02 -8.889740022453933105e-24 -8.898532341193340882e-24 8.792318739408077434e-27
3.613281250000000000e-02 -4.427303188333785726e-24 -4.402246276230646870e-24 -2.505691210313910832e-26
3.710937500000000000e-02 6.105015816140314232e-24 6.163425042228937635e-24 -5.840922608862363205e-26
3.808593750000000000e-02 8.450035654771268761e-25 9.349447843272060325e-25 -8.994121885007917931e-26
3.906250000000000000e-02 -3.123293448741182581e-23 -3.111403033668739893e-23 -1.189041507244268841e-25
4.003906250000000000e-02 -9.759055796404602847e-23 -9.744644237454801019e-23 -1.441155894980165287e-25
4.101562500000000000e-02 2.703935980626240717e-23 2.720438245896479931e-23 -1.650226527023910854e-25
4.199218750000000000e-02 7.519710442377841641e-23 7.537778723889548964e-23 -1.806828151170705673e-25
4.296875000000000000e-02 5.317983874340965709e-23 5.337068030343338946e-23 -1.908415600237282831e-25
4.394531250000000000e-02 2.573701276774783565e-23 2.593191954609622016e-23 -1.949067783483858348e-25
4.492187500000000000e-02 3.335600742543564474e-23 3.354900740487849044e-23 -1.929999794428472121e-25
4.589843750000000000e-02 -1.609095372898407788e-23 -1.590604783303179968e-23 -1.849058959522787031e-25
4.687500000000000000e-02 -1.702793354891041295e-23 -1.685680307291514976e-23 -1.711304759952636012e-25
4.785156250000000000e-02 3.877337662399908231e-23 3.892522494134942377e-23 -1.518483173503396722e-25
4.882812500000000000e-02 -3.725143729346083299e-24 -3.597206504596509620e-24 -1.279372247495734489e-25
4.980468750000000000e-02 6.471983909275703940e-23 6.481973329400593864e-23 -9.989420124890424359e-26
5.078125000000000000e-02 -1.139011653548678476e-23 -1.132124419074838797e-23 -6.887234473839650836e-26
5.175781250000000000e-02 -2.509077807762866675e-23 -2.505517485953729898e-23 -3.560321809136740851e-26
5.273437500000000000e-02 -9.568596736843620112e-23 -9.568454496116283083e-23 -1.422407273374212102e-27
5.371093750000000000e-02 4.715011800274374128e-23 4.711728078123954221e-23 3.283722150419730572e-26
5.468750000000000000e-02 1.142935078400896522e-22 1.142276894797445459e-22 6.581836034510632262e-26
5.566406250000000000e-02 3.726150931394890697e-23 3.716478003631788718e-23 9.672927763101760465e-26
5.664062500000000000e-02 5.926350154728702558e-23 5.913919103277069691e-23 1.243105145163318851e-25
5.761718750000000000e-02 6.257016111740630122e-23 6.242221587716938710e-23 1.479452402369195856e-25
5.859375000000000000e-02 1.317633086541213158e-22 1.315966848622007737e-22 1.666237919205525437e-25
5.957031250000000000e-02 4.094857989248353161e-23 4.076855023221457791e-23 1.800296602689532406e-25
6.054687500000000000e-02 -5.362738922428461829e-23 -5.381486986808838761e-23 1.874806438037724884e-25
6.152343750000000000e-02 6.172820142583559275e-23 6.153917732834830644e-23 1.890240974872820326e-25
6.250000000000000000e-02 -1.240733258218192152e-23 -1.259170973542303154e-23 1.843771532411100710e-25
6.347656250000000000e-02 5.224322435255194281e-23 5.206922701925100660e-23 1.739973333009363468e-25
6.445312500000000000e-02 -5.084140739108360495e-23 -5.099939608565963283e-23 1.579886945760292590e-25
6.542968750000000000e-02 -3.224080170159178810e-23 -3.237797492034821906e-23 1.371732187564297717e-25
6.640625000000000000e-02 -8.468911285808376721e-23 -8.480111415963520198e-23 1.120013015514327932e-25
6.738281250000000000e-02 -3.796913896508838634e-23 -3.805274660681962582e-23 8.360764173123887313e-26
6.835937500000000000e-02 -4.346563235722885894e-23 -4.351831899939828257e-23 5.268664216942474069e-26
6.933593750000000000e-02 -8.856478533033628513e-24 -8.877023785904287366e-24 2.054525287065893023e-26
7.031250000000000000e-02 4.724051154091698624e-23 4.725252019140685257e-23 -1.200865048986452494e-26
7.128906250000000000e-02 9.678136238627371256e-23 9.682497432775249046e-23 -4.361194147877534898e-26
7.226562500000000000e-02 3.465480870499540290e-23 3.472829325555201697e-23 -7.348455055661572933e-26
7.324218750000000000e-02 -8.715364898003103817e-23 -8.705327099738082334e-23 -1.003779826502205071e-25
7.421875000000000000e-02 2.311190208432393954e-24 2.434882590884403831e-24 -1.236923824520099458e-25
7.519531250000000000e-02 1.452174147891562537e-22 1.453598193084394134e-22 -1.424045192831656062e-25
7.617187500000000000e-02 9.050358006013690419e-23 9.065977849406203698e-23 -1.561984339251331391e-25
7.714843750000000000e-02 1.819299176885777227e-24 1.983694796664233144e-24 -1.643956197784560555e-25
7.812500000000000000e-02 -1.587595668461939178e-22 -1.585925052678392094e-22 -1.670615783546983821e-25
7.910156250000000000e-02 2.419985972257669494e-23 2.436376070947193205e-23 -1.639009868952359363e-25
8.007812500000000000e-02 -7.818888233573364434e-23 -7.803351695392245156e-23 -1.553653818111973245e-25
8.105468750000000000e-02 -9.097807416448710178e-23 -9.083652149296691287e-23 -1.415526715201905664e-25
8.203125000000000000e-02 2.788021614510845555e-23 2.800351322589373191e-23 -1.232970807852769514e-25
8.300781250000000000e-02 -8.959128744924049751e-23 -8.949025816225941944e-23 -1.010292869810822279e-25
8.398437500000000000e-02 -3.201813720006893899e-23 -3.194227701011326132e-23 -7.586018995567957718e-26
8.496093750000000000e-02 4.109535541099117823e-23 4.114380687639384673e-23 -4.845146540267100267e-26
8.593750000000000000e-02 1.199177491468344509e-22 1.199378459409288122e-22 -2.009679409436024641e-26
8.691406250000000000e-02 -4.065556713081983941e-23 -4.066400766284741674e-23 8.440532027574859805e-27
8.789062500000000000e-02 -9.211465175971329101e-23 -9.215050607709500446e-23 3.585431738171183769e-26
8.886718750000000000e-02 1.783894312939856285e-22 1.783279914113199671e-22 6.143988266566459339e-26
8.984375000000000000e-02 9.931143352495108725e-24 9.847139903995239963e-24 8.400344849986896919e-26
9.082031250000000000e-02 -1.294056397401783464e-22 -1.295086649988490824e-22 1.030252586707385137e-25
9.179687500000000000e-02 -4.810991066069118844e-23 -4.822748605521085126e-23 1.175753945196657556e-25
9.277343750000000000e-02 9.679098451409561271e-23 9.666352990622616423e-23 1.274546078694543156e-25
9.375000000000000000e-02 1.307835325342523524e-22 1.306514569475444167e-22 1.320755867079281729e-25
9.472656250000000000e-02 -9.863242122652032914e-24 -9.994848991598371945e-24 1.316068689463393289e-25
9.570312500000000000e-02 1.197131506221908514e-22 1.195872906754453220e-22 1.258599467455296917e-25
9.667968750000000000e-02 1.644095503906703684e-22 1.642941360803052920e-22 1.154143103650738091e-25
9.765625000000000000e-02 2.603516807854299248e-23 2.593470642219394736e-23 1.004616563490459274e-25
9.863281250000000000e-02 2.114042822869647177e-23 2.105850579519162339e-23 8.192243350484792302e-26
9.960937500000000000e-02 4.806699318074661311e-23 4.800669438837044713e-23 6.029879237616435320e-26
1.005859375000000000e-01 7.083488941594718364e-23 7.079810409261900689e-23 3.678532332817468928e-26
1.015625000000000000e-01 -2.845937574078630403e-23 -2.847145899618036716e-23 1.208325539406102536e-26
1.025390625000000000e-01 -6.117713969930921124e-23 -6.116463818265429627e-23 -1.250151665491278163e-26
1.035156250000000000e-01 -5.154760455983214911e-23 -5.151137520886338631e-23 -3.622935096876569138e-26
1.044921875000000000e-01 3.557119503261593727e-23 3.562900986633707137e-23 -5.781483372113442177e-26
1.054687500000000000e-01 -1.270468643693433586e-22 -1.269702423816543819e-22 -7.662198768898462315e-26
1.064453125000000000e-01 -4.880669267631632560e-23 -4.871512934174163946e-23 -9.156333457468793056e-26
1.074218750000000000e-01 -4.435030303927412467e-23 -4.424802829710011129e-23 -1.022747421740137457e-25
1.083984375000000000e-01 4.421458977517219223e-23 4.432257014501710134e-23 -1.079803698449090155e-25
1.093750000000000000e-01 6.208021966605998587e-23 6.218889238737469282e-23 -1.086727213147113336e-25
1.103515625000000000e-01 -2.473491253357125669e-23 -2.463092727447446302e-23 -1.039852590967943653e-25
1.113281250000000000e-01 -1.459432294326993440e-22 -1.458488766537495147e-22 -9.435277894983264891e-26
1.123046875000000000e-01 1.271028949959640141e-23 1.279012736772087612e-23 -7.983786812447505314e-26
1.132812500000000000e-01 8.928929384710712550e-23 8.935057466940237231e-23 -6.128082229524625492e-26
1.142578125000000000e-01 9.572776168138918561e-23 9.576689514335414823e-23 -3.913346196496066918e-26
1.152343750000000000e-01 9.260991541028619391e-23 9.262451532508406615e-23 -1.459991479786879413e-26
1.162109375000000000e-01 -1.026270568985486010e-22 -1.026386314574207717e-22 1.157455887217238269e-26
1.171875000000000000e-01 3.349247052354314375e-23 3.345448987973341967e-23 3.798064380972133788e-26
1.181640625000000000e-01 -5.042822455398508768e-23 -5.049196904301645067e-23 6.374448903136103223e-26
1.191406250000000000e-01 -2.440106448616621575e-23 -2.448845869726446675e-23 8.739421109825155329e-26
1.201171875000000000e-01 -1.765065794411795231e-22 -1.766146690872545245e-22 1.080896460750001761e-25
1.210937500000000000e-01 9.415673648729177984e-23 9.403223140818402941e-23 1.245050791077462011e-25
1.220703125000000000e-01 5.835760325872801332e-23 5.822156219156399064e-23 1.360410671640281013e-25
1.230468750000000000e-01 -2.023634428335168620e-23 -2.037801837617631079e-23 1.416740928246256923e-25
1.240234375000000000e-01 1.174884581133472427e-22 1.173472815444662532e-22 1.411765688809783988e-25
1.250000000000000000e-01 -6.812610431700082328e-23 -6.826008104094491294e-23 1.339767239440874115e-25
1.259765625000000000e-01 -3.752091126132931506e-23 -3.764126961785716805e-23 1.203583565278503949e-25
1.269531250000000000e-01 -9.916361169579321608e-23 -9.926388274769202805e-23 1.002710518988164867e-25
1.279296875000000000e-01 2.177998400334683637e-22 2.177253228323720064e-22 7.451720109637308133e-26
1.289062500000000000e-01 -1.428698416600467259e-23 -1.433055202058826769e-23 4.356785458359527669e-26
1.298828125000000000e-01 1.514644537268051931e-23 1.513770869898682852e-23 8.736673693690349063e-27
1.308593750000000000e-01 -9.979054103276351521e-23 -9.976148452298598315e-23 -2.905650977752998079e-26
1.318359375000000000e-01 5.224173430049808542e-23 5.230987037037009540e-23 -6.813606987200864643e-26
1.328125000000000000e-01 7.785033673108979885e-23 7.795763693061953622e-23 -1.073001995297316288e-25
1.337890625000000000e-01 -9.436685503057997876e-23 -9.422218878577709853e-23 -1.446662448028801915e-25
1.347656250000000000e-01 -7.319167313545062457e-23 -7.301273394495425892e-23 -1.789391904963712033e-25
1.357421875000000000e-01 -1.624899561919835876e-22 -1.622816750713485386e-22 -2.082811206350438823e-25
1.367187500000000000e-01 -1.001067635086701232e-22 -9.987519689076021541e-23 -2.315666179099028682e-25
1.376953125000000000e-01 -5.245472859683246955e-23 -5.220750631040308259e-23 -2.472222864293878346e-25
1.386718750000000000e-01 4.220914474743490849e-23 4.246364016668212678e-23 -2.544954192472163644e-25
1.396484375000000000e-01 -6.840596193392323634e-23 -6.815365363883787895e-23 -2.523082950853604258e-25
1.406250000000000000e-01 -7.726266967418973073e-24 -7.485759377742484196e-24 -2.405075896764892451e-25
1.416015625000000000e-01 -1.845495955190096129e-23 -1.823629299310699618e-23 -2.186665587939643329e-25
1.425781250000000000e-01 -8.455604343903449666e-23 -8.436872325183218470e-23 -1.873201872023149912e-25
1.435546875000000000e-01 -2.241862040339589673e-24 -2.095090583107813755e-24 -1.467714572317758260e-25
1.445312500000000000e-01 5.152969706933392475e-23 5.162800573900004481e-23 -9.830866966612106093e-26
1.455078125000000000e-01 1.155632185356426818e-22 1.156061687447740404e-22 -4.295020913135337394e-26
1.464843750000000000e-01 5.112440082355961067e-23 5.110702945472075042e-23 1.737136883885948562e-26
1.474609375000000000e-01 -7.788508613439984266e-23 -7.796615139414920000e-23 8.106525974935153614e-26
1.484375000000000000e-01 -9.368061703407794130e-23 -9.382631893054388252e-23 1.457018964659431561e-25
1.494140625000000000e-01 -6.057936798754563123e-23 -6.078868810367334457e-23 2.093201161277133870e-25
1.503906250000000000e-01 1.325367461577748717e-23 1.298439182170392029e-23 2.692827940735679861e-25
1.513671875000000000e-01 3.064930320792245754e-23 3.032572312206845048e-23 3.235800858540070599e-25
1.523437500000000000e-01 4.156584495076752411e-23 4.119618208855009362e-23 3.696628622174332395e-25
1.533203125000000000e-01 4.836537469619425458e-23 4.795960536002063278e-23 4.057693361736206466e-25
1.542968750000000000e-01 -2.180793718593554694e-23 -2.223771995483099572e-23 4.297827688954491465e-25
1.552734375000000000e-01 -9.116382444545681392e-24 -9.556926581787416861e-24 4.405441372417358358e-25
1.562500000000000000e-01 1.328883522277378461e-22 1.324516934077354246e-22 4.366588200024161251e-25
1.572265625000000000e-01 5.312809948154878439e-23 5.271030280956038351e-23 4.177966719883955502e-25
1.582031250000000000e-01 -3.479959414636115830e-24 -3.863463496619316041e-24 3.835040819832000731e-25
1.591796875000000000e-01 1.334457217329029388e-23 1.301008859457378406e-23 3.344835787165086784e-25
1.601562500000000000e-01 1.310694884411333695e-22 1.307981521317253059e-22 2.713363094080714496e-25
1.611328125000000000e-01 5.592728281204188554e-23 5.573148296936732157e-23 1.957998426745646529e-25
1.621093750000000000e-01 -2.468654650409811361e-23 -2.479602835060537269e-23 1.094818465072580945e-25
1.630859375000000000e-01 -2.533468888648373435e-23 -2.534977261276520383e-23 1.508372628147059258e-26
1.640625000000000000e-01 -5.482645568838652556e-24 -5.397712638608090013e-24 -8.493293023056272694e-26
1.650390625000000000e-01 -6.626422700913047194e-23 -6.607705140503695043e-23 -1.871756040935167866e-25
1.660156250000000000e-01 -2.313316350382521129e-23 -2.284449851345876571e-23 -2.886649903664453915e-25
1.669921875000000000e-01 2.239158984706880066e-23 2.277724566286499365e-23 -3.856558157961928097e-25
1.679687500000000000e-01 7.329220395330377569e-23 7.376722550390240525e-23 -4.750215505986286418e-25
1.689453125000000000e-01 -3.800515354383573403e-23 -3.745203668300881299e-23 -5.531168608269212239e-25
1.699218750000000000e-01 3.254336209568099722e-23 3.316052400313861100e-23 -6.171619074576123091e-25
1.708984375000000000e-01 -1.239015343131948464e-22 -1.232374709872578023e-22 -6.640633259370478875e-25
1.718750000000000000e-01 6.612792776828576259e-25 1.353075638997956774e-24 -6.917963613150991476e-25
1.728515625000000000e-01 1.113231376882945813e-23 1.183055481039419783e-23 -6.982410415647391512e-25
1.738281250000000000e-01 9.790642528769059732e-23 9.858897398269945550e-23 -6.825486950088620404e-25
1.748046875000000000e-01 7.444025436983419388e-23 7.508416084282972302e-23 -6.439064729955341879e-25
1.757812500000000000e-01 -5.506159057012877178e-23 -5.447873220118509484e-23 -5.828583689436718873e-25
1.767578125000000000e-01 -2.429427449781340469e-23 -2.379421785164027739e-23 -5.000566461731285780e-25
1.777343750000000000e-01 4.268838786871690456e-23 4.308594831308774009e-23 -3.975604443708348862e-25
1.787109375000000000e-01 -1.139320925696118198e-22 -1.136545882189621256e-22 -2.775043506496942629e-25
1.796875000000000000e-01 -3.010089488836151478e-23 -2.995756896768438617e-23 -1.433259206771301063e-25
1.806640625000000000e-01 1.775286000116772842e-23 1.775126595165905955e-23 1.594049508667706560e-27
1.816406250000000000e-01 3.969002661322671030e-23 3.953731206881252428e-23 1.527145444141875102e-25
1.826171875000000000e-01 -8.808986900703674839e-23 -8.839562835168826189e-23 3.057593446515191929e-25
1.835937500000000000e-01 -9.469185286018419927e-23 -9.514742117863694452e-23 4.555683184527431376e-25
1.845703125000000000e-01 -3.373743919470557751e-23 -3.433498497254707491e-23 5.975457778414948323e-25
1.855468750000000000e-01 3.792020543385606492e-23 3.719371473578774135e-23 7.264906980683258622e-25
1.865234375000000000e-01 -1.109488975824925254e-22 -1.117869627664625744e-22 8.380651839700563184e-25
1.875000000000000000e-01 1.591427447601111283e-22 1.582150824257884145e-22 9.276623343227031935e-25
1.884765625000000000e-01 -1.265567888279865121e-22 -1.275486655513235262e-22 9.918767233370120830e-25
1.894531250000000000e-01 -8.412010740310897433e-23 -8.514741837629527753e-23 1.027310973186303014e-24
1.904296875000000000e-01 -1.635639140710828674e-23 -1.738840057966686140e-23 1.032009172558574658e-24
1.914062500000000000e-01 5.796715926204382104e-23 5.696290179410158664e-23 1.004257467942235862e-24
1.923828125000000000e-01 -4.053647895750391413e-23 -4.148047557234291289e-23 9.439966148389998646e-25
1.933593750000000000e-01 -8.929510656614995372e-23 -9.014663812888483794e-23 8.515315627348831118e-25
1.943359375000000000e-01 3.036918233056686778e-23 2.964032213695389456e-23 7.288601936129751415e-25
1.953125000000000000e-01 -1.383067645896765651e-23 -1.440901710359880926e-23 5.783406446311531182e-25
1.962890625000000000e-01 -3.156115568834088739e-23 -3.196514790949723148e-23 4.039922211563465288e-25
1.972656250000000000e-01 8.965214563202850704e-24 8.755142935425170159e-24 2.100716277776800401e-25
1.982421875000000000e-01 1.539161844790372286e-23 1.538934330231108369e-23 2.275145592638464758e-27
1.992187500000000000e-01 8.765842878793070718e-23 8.787216734795932746e-23 -2.137385600286251542e-25
2.001953125000000000e-01 -3.916164793837262822e-23 -3.873049343734493396e-23 -4.311545010276966536e-25
2.011718750000000000e-01 1.528099883473682387e-23 1.592453167823989523e-23 -6.435328435030715474e-25
2.021484375000000000e-01 4.989238849290014165e-23 5.073607795252130205e-23 -8.436894596211604025e-25
2.031250000000000000e-01 1.963894554204601560e-23 2.066420847020967170e-23 -1.025262928163655553e-24
2.041015625000000000e-01 -8.808548534942578972e-23 -8.690392448968795906e-23 -1.181560859737836172e-24
2.050781250000000000e-01 -5.442145288088992188e-23 -5.311433680592007014e-23 -1.307116074969854683e-24
2.060546875000000000e-01 -4.240109324035897394e-23 -4.100454041132124830e-23 -1.396552829037726373e-24
2.070312500000000000e-01 7.627477645025334218e-23 7.772091902093991041e-23 -1.446142570686569887e-24
2.080078125000000000e-01 1.061053817793732595e-23 1.206312724370804490e-23 -1.452589065770719684e-24
2.089843750000000000e-01 -3.666537938321159977e-23 -3.525087478034519586e-23 -1.414504602866404278e-24
2.099609375000000000e-01 -3.069161623978837651e-23 -2.936046185764881325e-23 -1.331154382139560690e-24
2.109375000000000000e-01 1.002327346454290166e-24 2.206227950459001514e-24 -1.203900604004711348e-24
2.119140625000000000e-01 2.851141286227423036e-23 2.954625221370166412e-23 -1.034839351427433394e-24
2.128906250000000000e-01 6.879859893756644447e-23 6.962672027838022970e-23 -8.281213408137843156e-25
2.138671875000000000e-01 -9.248799635437473933e-23 -9.189948828945875632e-23 -5.885080649159848382e-25
2.148437500000000000e-01 8.529087905400545174e-23 8.561353358317447437e-23 -3.226545291690241890e-25
2.158203125000000000e-01 5.562928125773168244e-24 5.600500509809985763e-24 -3.757238403681761054e-26
2.167968750000000000e-01 3.548346395165916188e-23 3.522525654068177123e-23 2.582074109773907442e-25
2.177734375000000000e-01 -5.128046024844020196e-23 -5.183671315560361725e-23 5.562529071634128989e-25
2.187500000000000000e-01 1.402483987468885330e-23 1.317776281573559813e-23 8.470770589532551766e-25
2.197265625000000000e-01 -7.734329457734546589e-23 -7.846508529267408736e-23 1.121790715328624412e-24
2.207031250000000000e-01 8.658992363762324309e-24 7.287975797949339717e-24 1.371016565812984225e-24
2.216796875000000000e-01 2.151925545237649179e-23 1.993266930510771798e-23 1.586586147268773814e-24
2.226562500000000000e-01 7.750941932105503953e-23 7.574901224142980438e-23 1.760407079625236983e-24
2.236328125000000000e-01 4.492089000418907568e-23 4.303478024199258568e-23 1.886109762196487060e-24
2.246093750000000000e-01 -6.483154246325622086e-23 -6.678944328111804868e-23 1.957900817861830751e-24
2.255859375000000000e-01 7.183975913582072192e-23 6.986756079284029640e-23 1.972198342980428461e-24
2.265625000000000000e-01 -2.685778007225243429e-23 -2.878416459763905510e-23 1.926384525386619344e-24
2.275390625000000000e-01 -9.078050557502570287e-23 -9.260081924858904915e-23 1.820313673563351788e-24
2.285156250000000000e-01 -2.773202472813067768e-23 -2.938699953641780486e-23 1.654974808287127177e-24
2.294921875000000000e-01 5.239761659983999723e-23 5.096367020681711102e-23 1.433946393022887313e-24
2.304687500000000000e-01 3.725408601930226165e-23 3.609214920665138894e-23 1.161936812650873994e-24
2.314453125000000000e-01 3.235808768306801549e-23 3.151200963115938329e-23 8.460780519086336637e-25
2.324218750000000000e-01 1.598425559465384290e-22 1.593482169676357367e-22 4.943389789027015775e-25
2.333984375000000000e-01 -7.280018395176634704e-23 -7.291694762218769308e-23 1.167636704213419456e-25
2.343750000000000000e-01 1.738789227201202503e-24 2.014993813517679295e-24 -2.762045863164768842e-25
2.353515625000000000e-01 8.713649178339846193e-24 9.386264925169045058e-24 -6.726157468291992322e-25
2.363281250000000000e-01 -2.154960453268098328e-23 -2.048880763554745290e-23 -1.060796897133531114e-24
2.373046875000000000e-01 6.197700595729534619e-23 6.340526181316358783e-23 -1.428255855868243101e-24
2.382812500000000000e-01 -7.772882129909310301e-23 -7.596534977694849900e-23 -1.763471522144601437e-24
2.392578125000000000e-01 -5.477422717012133210e-23 -5.271938537357083687e-23 -2.054841796550490816e-24
2.402343750000000000e-01 5.250495733292631235e-23 5.479747386843337810e-23 -2.292516535507065019e-24
2.412109375000000000e-01 -7.026329728908838890e-23 -6.779601215391903305e-23 -2.467285135169355848e-24
2.421875000000000000e-01 -8.240168399622894286e-23 -7.982937181907913788e-23 -2.572312177149808656e-24
2.431640625000000000e-01 -3.591094615203602537e-23 -3.330898675487899634e-23 -2.601959397157026823e-24
2.441406250000000000e-01 -2.881831440479083719e-23 -2.626482897709296155e-23 -2.553485427697873797e-24
2.451171875000000000e-01 -1.292793181583933602e-22 -1.268535719009775617e-22 -2.425746257415797059e-24
2.460937500000000000e-01 -4.860161442117892143e-24 -2.639442867457073624e-24 -2.220718574660818151e-24
2.470703125000000000e-01 3.621314480843434027e-23 3.815519322122151631e-23 -1.942048412787175309e-24
2.480468750000000000e-01 -5.616941379992356807e-23 -5.457292555034689572e-23 -1.596488249576677122e-24
2.490234375000000000e-01 5.269993368232544865e-23 5.389224456689073067e-23 -1.192310884565280180e-24
2.500000000000000000e-01 -7.355747631632446915e-23 -7.281692146952028724e-23 -7.405548468041777722e-25
2.509765625000000000e-01 6.112585952944963609e-23 6.137912121552536290e-23 -2.532616860757288701e-25
2.519531250000000000e-01 -6.868911563853678914e-23 -6.894447398303842188e-23 2.553583445016379715e-25
2.529296875000000000e-01 -9.046490914822351262e-23 -9.123567865826804050e-23 7.707695100445321026e-25
2.539062500000000000e-01 -1.206667935775750088e-22 -1.219438652299047084e-22 1.277071652329700710e-24
2.548828125000000000e-01 1.312866596194786227e-23 1.136969529551915801e-23 1.758970666428704998e-24
2.558593750000000000e-01 -6.763575836074396703e-24 -8.964330853379198962e-24 2.200755017304801892e-24
2.568359375000000000e-01 -7.580990838030714604e-23 -7.839814663161904576e-23 2.588238251311898254e-24
2.578125000000000000e-01 -6.787931239899217357e-25 -3.586530430590488418e-24 2.907737306600566683e-24
2.587890625000000000e-01 9.276452671668986603e-23 8.961648518946643221e-23 3.148041527223430520e-24
2.597656250000000000e-01 4.867493027366589136e-24 1.568178375878892050e-24 3.299314651487697086e-24
2.607421875000000000e-01 -4.501737377116608202e-23 -4.837228893256221381e-23 3.354915161396130313e-24
2.617187500000000000e-01 -6.517639206912160013e-23 -6.848655533880516441e-23 3.310163269683559872e-24
2.626953125000000000e-01 4.019955582788737523e-23 3.703547262846197779e-23 3.164083199425396334e-24
2.636718750000000000e-01 -5.214538385897003200e-24 -8.132562752716766271e-24 2.918024366819763071e-24
2.646484375000000000e-01 -4.908259888876397079e-23 -5.165977814491363708e-23 2.577179256149667761e-24
2.656250000000000000e-01 -4.598799727760297297e-23 -4.813697804723014475e-23 2.148980769627171415e-24
2.666015625000000000e-01 -2.550198505554713073e-23 -2.714647127461598306e-23 1.644486219068851597e-24
2.675781250000000000e-01 -1.131083532866563615e-22 -1.141849793130713232e-22 1.076626026414970197e-24
2.685546875000000000e-01 -5.777556824965348028e-23 -5.823694337601404491e-23 4.613751263605660954e-25
2.695312500000000000e-01 -1.634602907227112998e-22 -1.632760683748731325e-22 -1.842223478381617213e-25
2.705078125000000000e-01 8.892519602583588069e-23 8.976618841369969895e-23 -8.409923878638186251e-25
2.714843750000000000e-01 2.407037241295109666e-23 2.556004733000698392e-23 -1.489674917055888729e-24
2.724609375000000000e-01 2.951943143253399200e-23 3.162939914278125641e-23 -2.109967710247262575e-24
2.734375000000000000e-01 2.701738245274004977e-23 2.970008461439594466e-23 -2.682702161655897101e-24
2.744140625000000000e-01 -1.673118499308474657e-23 -1.354228037525405333e-23 -3.188904617830693234e-24
2.753906250000000000e-01 -3.440119618535074851e-23 -3.078929222570936434e-23 -3.611903959641384171e-24
2.763671875000000000e-01 -6.284869005552382914e-23 -5.891235910137408216e-23 -3.936330954149746976e-24
2.773437500000000000e-01 5.521759512488146033e-23 5.936780923417718620e-23 -4.150214109295723673e-24
2.783203125000000000e-01 1.823823295226638858e-23 2.248211226014455030e-23 -4.243879307878163193e-24
2.792968750000000000e-01 -6.291149647118497791e-23 -5.869965379358980662e-23 -4.211842677595174227e-24
2.802734375000000000e-01 -4.602316319305093466e-23 -4.197167340820358461e-23 -4.051489784847350047e-24
2.812500000000000000e-01 1.070055236435586335e-23 1.446537941498480032e-23 -3.764827050628936972e-24
2.822265625000000000e-01 1.077331113657847846e-22 1.110900955081841947e-22 -3.356984142399420374e-24
2.832031250000000000e-01 -3.274242973818824648e-23 -2.990473184100829429e-23 -2.837697897179952189e-24
2.841796875000000000e-01 4.418072978117398126e-23 4.640024469114472405e-23 -2.219514909970740591e-24
2.851562500000000000e-01 6.947487499612553938e-23 7.099395554129409006e-23 -1.519080545168545361e-24
2.861328125000000000e-01 -4.113049128880206079e-23 -4.037531471823139875e-23 -7.551765705706605715e-25
2.871093750000000000e-01 -4.510482246457573445e-23 -4.515503188280773950e-23 5.020941823200601481e-26
2.880859375000000000e-01 2.582496620649353691e-24 1.708389005361543931e-24 8.741076152878099430e-25
2.890625000000000000e-01 1.669377462785207284e-23 1.500213348967010896e-23 1.691641138181962416e-24
2.900390625000000000e-01 2.318584540671709729e-23 2.070754106704694462e-23 2.478304339670152301e-24
2.910156250000000000e-01 8.615386455974305865e-23 8.294476377734270454e-23 3.209100782400351173e-24
2.919921875000000000e-01 -6.336229968483088861e-23 -6.722323643971248256e-23 3.860936754881595414e-24
2.929687500000000000e-01 -7.808670858778918499e-23 -8.249848064290108997e-23 4.411772055111908657e-24
2.939453125000000000e-01 3.333960069428414449e-23 2.849669892890673587e-23 4.842901765377410093e-24
2.949218750000000000e-01 -9.713457911138448463e-23 -1.022725409920856940e-22 5.137961880701209419e-24
2.958984375000000000e-01 -5.912753980774748210e-23 -6.441267437971058021e-23 5.285134571963093698e-24
2.968750000000000000e-01 -6.729739311924291189e-23 -7.257341170084821186e-23 5.276018581605301446e-24
2.978515625000000000e-01 6.026876075579465988e-25 -4.504888552940677090e-24 5.107576160498623689e-24
2.988281250000000000e-01 1.855178265801145213e-22 1.807371412525105543e-22 4.780685327603974342e-24
2.998046875000000000e-01 -3.590257829755707855e-24 -7.892116243571953397e-24 4.301858413816245542e-24
3.007812500000000000e-01 -6.423675760675051599e-23 -6.791833211342183856e-23 3.681574506671319638e-24
3.017578125000000000e-01 2.040982903164437387e-23 1.747413608437567101e-23 2.935692947268703598e-24
3.027343750000000000e-01 1.070159837179690481e-22 1.049325723920139606e-22 2.083411325955084901e-24
3.037109375000000000e-01 -5.020998939576536127e-23 -5.135839996436934393e-23 1.148410568603982290e-24
3.046875000000000000e-01 1.027385717217594450e-22 1.025819463541427943e-22 1.566253676166530225e-25
3.056640625000000000e-01 5.243303305798276541e-24 6.106126086790560061e-24 -8.628227809922835197e-25
3.066406250000000000e-01 -3.725340685647818650e-24 -1.845204864127925065e-24 -1.880135821519893586e-24
3.076171875000000000e-01 6.573399177520536758e-23 6.859807326020551948e-23 -2.864081485000155938e-24
3.085937500000000000e-01 -1.365772920307228337e-22 -1.327927490317009543e-22 -3.784542999021880069e-24
3.095703125000000000e-01 4.671197626218485960e-23 5.132373778317917240e-23 -4.611761520994310593e-24
3.105468750000000000e-01 3.134071841372484444e-23 3.665967233448017606e-23 -5.318953920755330880e-24
3.115234375000000000e-01 5.480392879288150367e-23 6.068547631241730196e-23 -5.881547519535799762e-24
3.125000000000000000e-01 1.847902771977799639e-23 2.475866503938808884e-23 -6.279637319610093183e-24
3.134765625000000000e-01 -2.534245918490826697e-23 -1.884548582828462888e-23 -6.496973356623639556e-24
3.144531250000000000e-01 -5.920643455386648256e-23 -5.268319030445474119e-23 -6.523244249411741378e-24
3.154296875000000000e-01 -7.922616255443977838e-23 -7.287328899495845520e-23 -6.352873559481323183e-24
3.164062500000000000e-01 -4.087120846266606151e-23 -3.488422038904967434e-23 -5.986988073616385701e-24
3.173828125000000000e-01 -1.295221795385370601e-22 -1.240903881478662712e-22 -5.431791390670784518e-24
3.183593750000000000e-01 -5.094311003127689116e-23 -4.624291555858361582e-23 -4.700194472693275338e-24
3.193359375000000000e-01 8.131225284624254906e-24 1.194113621397643733e-23 -3.809910929352182425e-24
3.203125000000000000e-01 -8.286938891960053052e-23 -8.008463642054128067e-23 -2.784752499059251684e-24
3.212890625000000000e-01 5.340661911837698710e-24 6.992948142354532361e-24 -1.652286230516833284e-24
3.222656250000000000e-01 -1.267679370086086297e-22 -1.263231541097173768e-22 -4.447828988912573287e-25
3.232421875000000000e-01 4.936948952512190471e-23 4.856614735210925059e-23 8.033421730126547677e-25
3.242187500000000000e-01 -1.315071652914153808e-22 -1.335619342746871035e-22 2.054768983271712381e-24
3.251953125000000000e-01 3.756440365707336070e-23 3.429229877155324311e-23 3.272104885520114652e-24
3.261718750000000000e-01 8.365351951883705978e-23 7.923620108129730920e-23 4.417318437539746169e-24
3.271484375000000000e-01 -8.079802178313329927e-23 -8.625261535114536305e-23 5.454593568012064518e-24
3.281250000000000000e-01 2.038146754959220129e-23 1.403178608656437249e-23 6.349681463027828806e-24
3.291015625000000000e-01 -4.120647302819790563e-23 -4.827921291528432549e-23 7.072739887086419858e-24
3.300781250000000000e-01 -3.649601654888578798e-23 -4.409364922476229178e-23 7.597632675876500863e-24
3.310546875000000000e-01 5.603097752037229474e-24 -2.301456046328082734e-24 7.904553798365312208e-24
3.320312500000000000e-01 2.631479198903096230e-23 1.833582911053554186e-23 7.978962878495420438e-24
3.330078125000000000e-01 -6.079522845742293246e-24 -1.389342769489660257e-23 7.813904849154309320e-24
3.339843750000000000e-01 1.040213907324467829e-22 9.661271952872411416e-23 7.408671203722664328e-24
3.349609375000000000e-01 -6.504182269286266732e-23 -7.181256649439743626e-23 6.770743801534766003e-24
3.359375000000000000e-01 6.272800975658465675e-23 5.681408237650701616e-23 5.913927380077637657e-24
3.369140625000000000e-01 1.166483849881614599e-22 1.117885586815713176e-22 4.859826306590146750e-24
3.378906250000000000e-01 5.754878281477039536e-24 2.119258915094880206e-24 3.635619366382159330e-24
3.388671875000000000e-01 -8.303353532912977206e-23 -8.530871127529698238e-23 2.275175946167211057e-24
3.398437500000000000e-01 -1.266572034895875787e-22 -1.274735500215183784e-22 8.163465319308017470e-25
3.408203125000000000e-01 -2.888314590119486825e-23 -2.818480122355002218e-23 -6.983446776448460618e-25
3.417968750000000000e-01 -7.233964211213038629e-23 -7.011498085488199899e-23 -2.224661257248391708e-24
3.427734375000000000e-01 2.058812876404159401e-23 2.430424033955613864e-23 -3.716111575514545369e-24
3.437500000000000000e-01 4.248495166270246838e-23 4.761209139831491505e-23 -5.127139735612443725e-24
3.447265625000000000e-01 -4.786584436873929822e-23 -4.145307429980124638e-23 -6.412770068938051101e-24
3.457031250000000000e-01 1.023539331529767548e-22 1.098857284137046764e-22 -7.531795260727921603e-24
3.466796875000000000e-01 3.058287362416773415e-23 3.902911050934187679e-23 -8.446236885174142644e-24
3.476562500000000000e-01 -9.631198692555262986e-23 -8.718759472327159757e-23 -9.124392202281038169e-24
3.486328125000000000e-01 5.766948719156826092e-23 6.720964626631689647e-23 -9.540159074748635551e-24
3.496093750000000000e-01 -1.320477858141208382e-22 -1.223719867097790268e-22 -9.675799104341805476e-24
3.505859375000000000e-01 2.689297824539841696e-23 3.641374733102509192e-23 -9.520769085626672019e-24
3.515625000000000000e-01 -5.779140210011152605e-23 -4.871738787255229579e-23 -9.074014227559228796e-24
3.525390625000000000e-01 -6.955611742415665493e-23 -6.121371151532206807e-23 -8.342405908834586864e-24
3.535156250000000000e-01 4.391330556437328242e-23 5.125589601832332939e-23 -7.342590453950046972e-24
3.544921875000000000e-01 6.784407861357520503e-23 7.394287673599634227e-23 -6.098798122421135035e-24
3.554687500000000000e-01 8.782732068703788852e-23 9.247140500499272525e-23 -4.644084317954838201e-24
3.564453125000000000e-01 -6.930471812918638098e-23 -6.628703715862291216e-23 -3.017680970563464413e-24
3.574218750000000000e-01 -4.994662658718126009e-23 -4.868077019163372780e-23 -1.265856395547533034e-24
3.583984375000000000e-01 3.494166482815283141e-23 3.438042944233886083e-23 5.612353858139692064e-25
3.593750000000000000e-01 2.069673680445449297e-22 2.045581906884698168e-22 2.409177356075105968e-24
3.603515625000000000e-01 1.056924457888274039e-22 1.014697176205320324e-22 4.222728168295370055e-24
3.613281250000000000e-01 -7.003162482147934472e-23 -7.597716508283430218e-23 5.945540261354960390e-24
3.623046875000000000e-01 4.813548774670974833e-23 4.061174708605580825e-23 7.523740660653938607e-24
3.632812500000000000e-01 -1.626634642101385272e-23 -2.517213623439725506e-23 8.905789813383403809e-24
3.642578125000000000e-01 1.921290284649371097e-23 9.166883443408076711e-24 1.004601940308563426e-23
3.652343750000000000e-01 -1.734546803699328139e-23 -2.824965549983425139e-23 1.090418746284097147e-23
3.662109375000000000e-01 8.821970580326149399e-23 7.677100281268956097e-23 1.144870299057192714e-23
3.671875000000000000e-01 4.731322337274836265e-23 3.565731075195439021e-23 1.165591262079397097e-23
3.681640625000000000e-01 -1.179812457580842282e-22 -1.294941979307841192e-22 1.151295217269988806e-23
3.691406250000000000e-01 2.754279351955784290e-23 1.652639183416854783e-23 1.101640168538929507e-23
3.701171875000000000e-01 1.069723252212754603e-22 9.679785426073240842e-23 1.017447096054305190e-23
3.710937500000000000e-01 2.586118421686551558e-23 1.685608522964129375e-23 9.005098987224220356e-24
3.720703125000000000e-01 2.800401254786738997e-23 2.046640125258020828e-23 7.537611295287184630e-24
3.730468750000000000e-01 -1.628504536689246642e-22 -1.686605548688292586e-22 5.810101199904586235e-24
3.740234375000000000e-01 -9.871041547404577129e-24 -1.374137895836695686e-23 3.870337410962379730e-24
3.750000000000000000e-01 -2.308200454042386729e-23 -2.485457211009311176e-23 1.772567569669245206e-24
3.759765625000000000e-01 2.121739783707115824e-23 2.163937384055722213e-23 -4.219760034860626020e-25
3.769531250000000000e-01 3.790258698415674523e-23 4.055134486589019652e-23 -2.648757881733453494e-24
3.779296875000000000e-01 1.101599731749544394e-23 1.585593918107312012e-23 -4.839941863577676185e-24
3.789062500000000000e-01 -1.320805277776642287e-22 -1.251521405879363727e-22 -6.928387189727864850e-24
3.798828125000000000e-01 -2.792604290601354569e-23 -1.907836785796915265e-23 -8.847675048044394507e-24
3.808593750000000000e-01 2.745820946143749562e-23 3.799431663428963703e-23 -1.053610717285214142e-23
3.818359375000000000e-01 -6.992484161273366956e-24 4.944281315918286997e-24 -1.193676547719165395e-23
3.828125000000000000e-01 -3.168094807364027897e-23 -1.867955306380533131e-23 -1.300139500983494471e-23
3.837890625000000000e-01 -8.218950861621364247e-23 -6.849949129016479139e-23 -1.369001732604885402e-23
3.847656250000000000e-01 -7.094019432473280276e-23 -5.696591675003171971e-23 -1.397427757470108011e-23
3.857421875000000000e-01 -9.684052077921971306e-23 -8.300393035394820288e-23 -1.383659042527151311e-23
3.867187500000000000e-01 9.399691026723150822e-23 1.072698981153039733e-22 -1.327298784807246217e-23
3.876953125000000000e-01 1.461548582539581185e-22 1.584463439802509761e-22 -1.229148572629285768e-23
3.886718750000000000e-01 5.796842084679284138e-23 6.888246588123360971e-23 -1.091404503444076540e-23
3.896484375000000000e-01 -6.721735865392483195e-23 -5.804318288936788554e-23 -9.174175764556949354e-24
3.906250000000000000e-01 5.352876776813010305e-23 6.064703295971638640e-23 -7.118265191586277474e-24
3.916015625000000000e-01 1.343998369206989841e-22 1.392022297407756017e-22 -4.802392820076629346e-24
3.925781250000000000e-01 -9.020327187197060162e-23 -8.791048717748320528e-23 -2.292784694487395613e-24
3.935546875000000000e-01 -1.196403633909377119e-22 -1.199784402285707618e-22 3.380768376330416586e-25
3.945312500000000000e-01 -3.438767447567900097e-23 -3.739909144172768034e-23 3.011416966048681939e-24
3.955078125000000000e-01 6.893711089082369029e-24 1.247231202198567095e-24 5.646479886883801199e-24
3.964843750000000000e-01 -3.162630521341608125e-23 -3.978727269957467680e-23 8.160967486158598483e-24
3.974609375000000000e-01 -1.053594038406687243e-22 -1.158350660371712834e-22 1.047566219650255621e-23
3.984375000000000000e-01 3.054242998423707757e-23 1.802763483576330745e-23 1.251479514847377159e-23
3.994140625000000000e-01 4.592316971819395026e-23 3.171269779948671456e-23 1.421047191870723570e-23
4.003906250000000000e-01 -2.111159893164987139e-23 -3.661448413348425243e-23 1.550288520183438105e-23
4.013671875000000000e-01 1.345432709748232524e-22 1.181987706741322404e-22 1.634450030069101790e-23
4.023437500000000000e-01 4.070123109541450283e-23 2.400157838160555250e-23 1.669965271380895033e-23
4.033203125000000000e-01 1.197617854288582364e-22 1.032138588285014553e-22 1.654792660035678106e-23
4.042968750000000000e-01 6.545657150044074167e-23 4.957356129640428276e-23 1.588301020403645891e-23
4.052734375000000000e-01 3.028148413121863780e-23 1.556608660942714591e-23 1.471539752179148895e-23
4.062500000000000000e-01 8.409351828568274526e-23 7.102321113299494652e-23 1.307030715268779580e-23
4.072265625000000000e-01 3.608954867992638352e-24 -7.380308785820875499e-24 1.098926365381351385e-23
4.082031250000000000e-01 2.650048049124043711e-23 1.797347645549106770e-23 8.527004035749369409e-24
4.091796875000000000e-01 -6.349829862232665455e-23 -6.925059201727013440e-23 5.752293394943478380e-24
4.101562500000000000e-01 7.386590217520414663e-23 7.112190826718772457e-23 2.743993908016426472e-24
4.111328125000000000e-01 -8.069480895786024548e-23 -8.028572923903218622e-23 -4.090797188280644491e-25
4.121093750000000000e-01 1.293962941719620454e-22 1.330092087261748958e-22 -3.612914554212856337e-24
4.130859375000000000e-01 -1.150816510849627073e-22 -1.083127810623970854e-22 -6.768870022565627870e-24
4.140625000000000000e-01 3.587155755318877413e-23 4.565029065100966023e-23 -9.778733097820886100e-24
4.150390625000000000e-01 -1.951152869122567329e-22 -1.825696432962784831e-22 -1.254564361597825567e-23
4.160156250000000000e-01 -1.339816049579160696e-22 -1.190022078428360803e-22 -1.497939711507999224e-23
4.169921875000000000e-01 -3.166924089343197982e-24 1.383024154846737077e-23 -1.699716563781056875e-23
4.179687500000000000e-01 -1.308836788918588449e-22 -1.123553472977190217e-22 -1.852833159413983201e-23
4.189453125000000000e-01 -9.460065980226198885e-23 -7.508590466375951533e-23 -1.951475513850247352e-23
4.199218750000000000e-01 3.108605835816867801e-24 2.302376285426895502e-23 -1.991515701845208722e-23
4.208984375000000000e-01 2.859672741184132297e-23 4.830128587351773616e-23 -1.970455846167641319e-23
4.218750000000000000e-01 -9.882738794020333455e-23 -7.994985415230968555e-23 -1.887753378789364313e-23
4.228515625000000000e-01 -4.485194042817663052e-23 -2.740539476901430105e-23 -1.744654565916232946e-23
4.238281250000000000e-01 -1.248563765263822353e-22 -1.094121041886586180e-22 -1.544427233772361734e-23
4.248046875000000000e-01 -6.734643697027197647e-23 -5.442560114382026634e-23 -1.292083582645171307e-23
4.257812500000000000e-01 5.889972104987417831e-23 6.884450105043383584e-23 -9.944780000559663403e-24
4.267578125000000000e-01 -6.164163603030557989e-23 -5.504262507912557959e-23 -6.599010951180001035e-24
4.277343750000000000e-01 -9.676544612854622836e-23 -9.378459201701380533e-23 -2.980854111532420092e-24
4.287109375000000000e-01 -6.820979928113926202e-24 -7.623834161653717259e-24 8.028542335397909645e-25
4.296875000000000000e-01 -3.205050456967496097e-23 -3.668718490002383582e-23 4.636680330348876324e-24
4.306640625000000000e-01 4.437554876914116173e-23 3.597315635503800588e-23 8.402392414103155850e-24
4.316406250000000000e-01 1.552421715600322441e-23 3.543942269194211645e-24 1.198027488680901277e-23
4.326171875000000000e-01 7.107744824820740791e-23 5.582241850763363880e-23 1.525502974057376911e-23
4.335937500000000000e-01 -7.457960450617378633e-23 -9.269680261767557191e-23 1.811719811150177970e-23
4.345703125000000000e-01 -2.278589954252297249e-23 -4.325503838916794592e-23 2.046913884664497343e-23
4.355468750000000000e-01 6.490352874616576506e-23 4.267748307317939688e-23 2.222604567298636818e-23
4.365234375000000000e-01 6.233684552495989541e-23 3.901574504038177433e-23 2.332110048457812108e-23
4.375000000000000000e-01 2.187390290496574092e-23 -1.831703631879364480e-24 2.370560653684510687e-23
4.384765625000000000e-01 5.304692954556746620e-24 -1.804866800296905606e-23 2.335336095752580268e-23
4.394531250000000000e-01 -1.320282237628241085e-23 -3.546251166801266744e-23 2.225968929173025659e-23
4.404296875000000000e-01 -4.295637144256746848e-23 -6.340069154969515094e-23 2.044432010712768247e-23
4.414062500000000000e-01 -5.374795812600086961e-23 -7.169682653083334544e-23 1.794886840483247583e-23
4.423828125000000000e-01 3.122029182847031343e-23 1.638183666628192103e-23 1.483845516218838946e-23
4.433593750000000000e-01 5.988898085192344641e-23 4.869108001007090562e-23 1.119790084185253933e-23
4.443359375000000000e-01 -1.086023191346821513e-22 -1.157341188049552425e-22 7.131799670273079534e-24
4.453125000000000000e-01 -5.908564004804689010e-23 -6.184479608782784976e-23 2.759156039780954521e-24
4.462890625000000000e-01 -1.024467390814387294e-22 -1.006591148078131250e-22 -1.787624273625607294e-24
4.472656250000000000e-01 -8.779991412694966977e-23 -8.143101119328289164e-23 -6.368902933666775193e-24
4.482421875000000000e-01 -5.837941640301217948e-23 -4.753973790816844978e-23 -1.083967849484373411e-23
4.492187500000000000e-01 5.877135039908225767e-23 7.382795774630415622e-23 -1.505660734722189267e-23
4.501953125000000000e-01 -1.239560519904286781e-22 -1.050758757213622891e-22 -1.888017626906638317e-23
4.511718750000000000e-01 8.428827167521864649e-23 1.064697895100542578e-22 -2.218151783483560546e-23
4.521484375000000000e-01 -7.472279862942199198e-23 -4.987853275987725641e-23 -2.484426586954473557e-23
4.531250000000000000e-01 -2.877226409666093397e-24 2.389387884549428556e-23 -2.677110525516037896e-23
4.541015625000000000e-01 3.982347747779849938e-23 6.770838659627687696e-23 -2.788490911847837758e-23
4.550781250000000000e-01 5.418120153539123890e-23 8.231519935453917347e-23 -2.813399781914793456e-23
4.560546875000000000e-01 -6.412550425405891484e-23 -3.663370623716280046e-23 -2.749179801689611438e-23
4.570312500000000000e-01 2.005774200069237176e-23 4.601856884230219535e-23 -2.596082684160982358e-23
4.580078125000000000e-01 -2.004719950933959971e-22 -1.769011007686391486e-22 -2.357089432475683973e-23
4.589843750000000000e-01 -6.548406701069023349e-23 -4.510288197206717782e-23 -2.038118503862305861e-23
4.599609375000000000e-01 1.810470949621761080e-23 3.458110532594093341e-23 -1.647639582972332260e-23
4.609375000000000000e-01 2.169240115364868308e-23 3.365955755719823807e-23 -1.196715640354955499e-23
4.619140625000000000e-01 7.728720029869637297e-23 8.427189815426655286e-23 -6.984697855570182820e-24
4.628906250000000000e-01 1.138016152024435006e-22 1.154812337373597139e-22 -1.679618534916215177e-24
4.638671875000000000e-01 -8.445150880074125630e-24 -1.223034559418440837e-23 3.785194714110282741e-24
4.648437500000000000e-01 1.684289393215459170e-22 1.591919453861404220e-22 9.236993935405496440e-24
4.658203125000000000e-01 -6.474356522036190534e-24 -2.097525835018106053e-23 1.450090182814486999e-23
4.667968750000000000e-01 6.502253451586505947e-23 4.561964602024979834e-23 1.940288849561526113e-23
4.677734375000000000e-01 -9.185042257555784411e-23 -1.156285317136314189e-22 2.377810913807356890e-23
4.687500000000000000e-01 9.021980578781411989e-23 6.274587286926575634e-23 2.747393291854836355e-23
4.697265625000000000e-01 1.264139870940879521e-22 9.605638316499236426e-23 3.035760392909558788e-23
4.707031250000000000e-01 1.358721919034152959e-22 1.035539043361913337e-22 3.231828756722395044e-23
4.716796875000000000e-01 1.402101534728216763e-24 -3.187176975513522594e-23 3.327387128986344271e-23
4.726562500000000000e-01 -2.840581743952104804e-23 -6.157762465690893005e-23 3.317180721738788201e-23
4.736328125000000000e-01 -6.815844510862420150e-23 -1.001524764246094029e-22 3.199403131598520142e-23
4.746093750000000000e-01 6.871643378840816292e-24 -2.288392044760060668e-23 2.975556382644142297e-23
4.755859375000000000e-01 1.279277765894837289e-22 1.014203014228122519e-22 2.650747516667148879e-23
4.765625000000000000e-01 -6.495622676091337726e-23 -8.728980662216373450e-23 2.233357986125035430e-23
4.775390625000000000e-01 -1.362610926839201967e-22 -1.536121923658305338e-22 1.735109968191034301e-23
4.785156250000000000e-01 -1.193204225089477409e-22 -1.310251986347783855e-22 1.170477612583064607e-23
4.794921875000000000e-01 -7.804004162136896621e-23 -8.360548124047638886e-23 5.565439619107427796e-24
4.804687500000000000e-01 -2.007610630284104704e-24 -1.130137285927796518e-24 -8.774733443563081859e-25
4.814453125000000000e-01 3.705449210714449121e-23 4.447343126013549157e-23 -7.418939152990997412e-24
4.824218750000000000e-01 -5.376703887890461485e-23 -3.991946908906250956e-23 -1.384756978984210823e-23
4.833984375000000000e-01 1.033160856627868598e-22 1.232658664557597038e-22 -1.994978079297284400e-23
4.843750000000000000e-01 1.469955155040692171e-23 4.021887409452302882e-23 -2.551932254411610711e-23
4.853515625000000000e-01 -2.334769442688058707e-23 7.013684029635407574e-24 -3.036137845651599465e-23
4.863281250000000000e-01 1.997886613526824284e-24 3.630000043521960634e-23 -3.430211382169278206e-23
4.873046875000000000e-01 -7.675436184932118385e-23 -3.956205673422479453e-23 -3.719230511509639519e-23
4.882812500000000000e-01 9.296369365343668384e-24 4.821187026727048288e-23 -3.891550090192681449e-23
4.892578125000000000e-01 -8.505311149428001270e-23 -4.566342225956011505e-23 -3.938968923471989765e-23
4.902343750000000000e-01 -9.899392166112971571e-24 2.867426724725988998e-23 -3.857365941337286155e-23
4.912109375000000000e-01 -6.896657701537573808e-23 -3.249984056239720271e-23 -3.646673645297853537e-23
4.921875000000000000e-01 -1.500441832736523890e-23 1.810811419673924900e-23 -3.311253252410448791e-23
4.931640625000000000e-01 -1.373854571474367149e-22 -1.087899327881021447e-22 -2.859552435933457020e-23
4.941406250000000000e-01 3.168917587945021241e-24 2.621091792863122539e-23 -2.304200034068620415e-23
4.951171875000000000e-01 2.382798595341991724e-23 4.044220353680023847e-23 -1.661421758338032123e-23
4.960937500000000000e-01 -2.159008506864366057e-23 -1.208134256634721689e-23 -9.508742502296443685e-24
4.970703125000000000e-01 1.045346792922955551e-22 1.064823273395783344e-22 -1.947648047282773389e-24
4.980468750000000000e-01 -1.187771925045986392e-22 -1.246027541403304192e-22 5.825561635731770386e-24
4.990234375000000000e-01 1.258191164206930671e-22 1.122628273746932753e-22 1.355628904599979770e-23
5.000000000000000000e-01 9.692851330285012739e-23 7.594442637471291317e-23 2.098408692813722010e-23
5.009765625000000000e-01 -7.851442170522455200e-23 -1.063687303936850635e-22 2.785430868846051151e-23
5.019531250000000000e-01 -4.072082779344819009e-23 -7.464492269067198032e-23 3.392409489722379023e-23
5.029296875000000000e-01 -8.753275051411204552e-24 -4.772690441322827168e-23 3.897362936181706712e-23
5.039062500000000000e-01 1.682065911979505408e-22 1.253956306072467494e-22 4.281096059070379137e-23
5.048828125000000000e-01 3.476885002430408834e-23 -1.051330389179013487e-23 4.528215391609422026e-23
5.058593750000000000e-01 1.489170923953913079e-22 1.026423997375795550e-22 4.627469265781174111e-23
5.068359375000000000e-01 1.858876770840786510e-22 1.401624695628785849e-22 4.572520752120005432e-23
5.078125000000000000e-01 -1.253317109318590042e-23 -5.615275247475298916e-23 4.361958138156708874e-23
5.087890625000000000e-01 1.304931433025841754e-22 9.049558887281025733e-23 3.999755442977391806e-23
5.097656250000000000e-01 5.480951931297989594e-23 1.985960567698218973e-23 3.494991363599771208e-23
5.107421875000000000e-01 -6.308773411460559517e-23 -9.170743477858832076e-23 2.861970066398272559e-23
5.117187500000000000e-01 -8.079792820157597044e-23 -1.019932543659079914e-22 2.119532616433202092e-23
5.126953125000000000e-01 1.506968056096054222e-23 2.161578585019674923e-24 1.290810197594086730e-23
5.136718750000000000e-01 -3.338802033730630594e-24 -7.361320603463509227e-24 4.022518569732878633e-24
5.146484375000000000e-01 -4.340210672792491551e-23 -3.823330008560917719e-23 -5.168806642315736846e-24
5.156250000000000000e-01 9.744151257259473485e-24 2.410190764653987743e-23 -1.435775638928040395e-23
5.166015625000000000e-01 1.135923151950872699e-23 3.458733581247568997e-23 -2.322810429296696298e-23
5.175781250000000000e-01 5.111796153951139227e-23 8.258713818131747639e-23 -3.146917664180608412e-23
5.185546875000000000e-01 -1.035678130369951565e-22 -6.478444945437339725e-23 -3.878336358262175929e-23
5.195312500000000000e-01 -7.725254714656182311e-23 -3.235261658412238439e-23 -4.489993056243944459e-23
5.205078125000000000e-01 1.792440081010359455e-23 6.750661724582392154e-23 -4.958221643572032698e-23
5.214843750000000000e-01 -1.423947547044359431e-23 3.840030759025179028e-23 -5.263978306069538458e-23
5.224609375000000000e-01 -1.353536589873002155e-22 -8.142094962734010071e-23 -5.393270935996011475e-23
5.234375000000000000e-01 -2.946618622997248035e-23 2.391462129756208821e-23 -5.338080752753456856e-23
5.244140625000000000e-01 -6.010340803246107604e-24 4.495464262903700538e-23 -5.096498343228311298e-23
5.253906250000000000e-01 -9.941032275852884515e-23 -5.267766606851899917e-23 -4.673265669000984011e-23
5.263671875000000000e-01 -8.647008684539307301e-23 -4.567587644522488282e-23 -4.079421040016819019e-23
5.273437500000000000e-01 -5.962701356016437758e-23 -2.630334181272370078e-23 -3.332367174744067973e-23
5.283203125000000000e-01 -1.388404962301725231e-23 1.066709580669282515e-23 -2.455114542971007746e-23
5.292968750000000000e-01 8.454969000780432565e-23 9.930919396316721127e-23 -1.475950395536288855e-23
5.302734375000000000e-01 -3.150005189122180552e-23 -2.722786433765769823e-23 -4.272187553564108017e-24
5.312500000000000000e-01 -3.311287978359771770e-23 -3.966716689380030428e-23 6.554287110202589515e-24
5.322265625000000000e-01 -6.067769203971928280e-23 -7.802299181891016298e-23 1.734529977919088018e-23
5.332031250000000000e-01 7.521179105469534884e-24 -2.019622324280555049e-23 2.771740234827508537e-23
5.341796875000000000e-01 2.096998855175778625e-23 -1.632518591555409124e-23 3.729517446731187749e-23
5.351562500000000000e-01 -6.027634940093771242e-23 -1.059981918426167405e-22 4.572184244167902804e-23
5.361328125000000000e-01 3.649427343000825938e-23 -1.618151606507366138e-23 5.267578949508192076e-23
5.371093750000000000e-01 -1.192615909327054511e-22 -1.771408005577195479e-22 5.787920962501410849e-23
5.380859375000000000e-01 1.979868321239795042e-22 1.368743851904946788e-22 6.111244693348482543e-23
5.390625000000000000e-01 5.146375289453253209e-23 -1.075652244684065041e-23 6.222027534137317956e-23
5.400390625000000000e-01 1.132612555020524378e-22 5.213870323285681150e-23 6.112255226919563217e-23
5.410156250000000000e-01 3.750367011374902005e-23 -2.031148120713557548e-23 5.781515132088459552e-23
5.419921875000000000e-01 2.571173580877870566e-23 -2.666340397524444659e-23 5.237513978402315224e-23
5.429687500000000000e-01 4.632686343034576636e-23 1.370074869229360404e-24 4.495678856111640596e-23
5.439453125000000000e-01 1.007802330117245719e-22 6.498871196244604536e-23 3.579152104927852065e-23
5.449218750000000000e-01 4.123572629147460315e-23 1.605815061293919488e-23 2.517757567853540827e-23
5.458984375000000000e-01 4.693488485097329217e-24 -8.780345123689681449e-24 1.347383360878701067e-23
5.468750000000000000e-01 -3.481999482696359137e-23 -3.590480619260032697e-23 1.084811365636736706e-24
5.478515625000000000e-01 1.075398607696489035e-22 1.190890661710709346e-22 -1.154920540142202674e-23
5.488281250000000000e-01 -1.206012468029018732e-22 -9.663007564713941894e-23 -2.397117115576245426e-23
5.498046875000000000e-01 8.154984617627817354e-23 1.172704800450151340e-22 -3.572063386873696044e-23
5.507812500000000000e-01 1.694694746350384857e-23 6.330116371105084992e-23 -4.635421624754700135e-23
5.517578125000000000e-01 -8.378975119168844407e-23 -2.833131634068696073e-23 -5.545843485100148335e-23
5.527343750000000000e-01 -3.463890834844408296e-23 2.803039994991280430e-23 -6.266930829835688726e-23
5.537109375000000000e-01 -1.889755887750065534e-23 4.878636957127556757e-23 -6.768392844877622290e-23
5.546875000000000000e-01 -7.022927748125425079e-23 4.772481208913536497e-26 -7.027700229334338615e-23
5.556640625000000000e-01 -3.431524220970534091e-23 3.599180181254842145e-23 -7.030704402225376236e-23
5.566406250000000000e-01 -5.418936156261432785e-23 1.353769985282672714e-23 -6.772706141544105793e-23
5.576171875000000000e-01 2.300810996409891708e-23 8.559336272289169416e-23 -6.258525275879277708e-23
5.585937500000000000e-01 -1.332362299542809430e-22 -7.820677065423672528e-23 -5.502945930004421771e-23
5.595703125000000000e-01 -3.290223626865040984e-23 1.239762450595139784e-23 -4.529986077460180767e-23
5.605468750000000000e-01 -3.267591011986167847e-23 1.049402675247740321e-24 -3.372531279510941879e-23
5.615234375000000000e-01 -1.118123295915063815e-22 -9.110294293912492578e-23 -2.070938665238146157e-23
5.625000000000000000e-01 -1.641817222193351536e-24 5.079136629038930913e-24 -6.720953851232282449e-24
5.634765625000000000e-01 -1.305001749619956486e-23 -2.077619951408163402e-23 7.726182017882069164e-24
5.644531250000000000e-01 -6.185209880296389842e-25 -2.270723402184660310e-23 2.208871303381696411e-23
5.654296875000000000e-01 6.878973557050313510e-23 3.297188403060615778e-23 3.581785153989697732e-23
5.664062500000000000e-01 1.102966636765439912e-22 6.192066850928251359e-23 4.837599516726148937e-23
5.673828125000000000e-01 7.830273802287382932e-23 1.904115730181730855e-23 5.926158072105652077e-23
5.683593750000000000e-01 4.064295179543136368e-23 -2.738313479282272276e-23 6.802608658825408644e-23
5.693359375000000000e-01 8.907807014054244279e-23 1.478124227579352863e-23 7.429682786474891710e-23
5.703125000000000000e-01 8.125961412456246947e-24 -6.966283893580362654e-23 7.778880034825987349e-23
5.712890625000000000e-01 1.657082435467923860e-22 8.738679252051881398e-23 7.832145102627356022e-23
5.722656250000000000e-01 8.472642693155725433e-23 8.901749787415327683e-24 7.582467714414192811e-23
5.732421875000000000e-01 2.253329839410291628e-23 -4.781520479787015694e-23 7.034850319197307322e-23
5.742187500000000000e-01 -4.190445034808033480e-24 -6.624984991191171222e-23 6.205940487710367874e-23
5.751953125000000000e-01 1.020382017325141770e-22 5.079842177964341385e-23 5.123977995287075729e-23
5.761718750000000000e-01 1.781647055022180311e-23 -2.045909480089673136e-23 3.827556535111853447e-23
5.771484375000000000e-01 -1.873431030469630934e-23 -4.238212203592493434e-23 2.364781173122862499e-23
5.781250000000000000e-01 1.789472301603809256e-22 1.710359712154418354e-22 7.911258944939084334e-24
5.791015625000000000e-01 6.196005373086703917e-23 7.028299486915223429e-23 -8.322941138285192177e-24
5.800781250000000000e-01 1.718312179733976052e-23 4.159785098916641195e-23 -2.441472919182665144e-23
5.810546875000000000e-01 6.436157710137900028e-23 1.040771429106742602e-22 -3.971556580929526583e-23
5.820312500000000000e-01 -4.227537416261535538e-23 1.132327470296393876e-23 -5.359864886557929561e-23
5.830078125000000000e-01 -6.917357309722627202e-23 -3.692079773556346221e-24 -6.548149332366992580e-23
5.839843750000000000e-01 -1.214626539668457169e-22 -4.660743538942094362e-23 -7.485521857742476735e-23
5.849609375000000000e-01 -3.626200871064400503e-23 4.504012503149961776e-23 -8.130213374214362279e-23
5.859375000000000000e-01 2.976615394673025143e-23 1.142849042825520140e-22 -8.451875033582176260e-23
5.869140625000000000e-01 -2.813680218659739961e-24 8.151347766095661605e-23 -8.432715787961635601e-23
5.878906250000000000e-01 -9.971354457817241540e-23 -1.902354486865368104e-23 -8.068999970951873436e-23
5.888671875000000000e-01 -1.554993192063100205e-23 5.816027958032872467e-23 -7.371021150095972672e-23
5.898437500000000000e-01 -9.312606147479550567e-23 -2.949271887859583295e-23 -6.363334259619967273e-23
5.908203125000000000e-01 -1.627317011142754462e-22 -1.118954058013477928e-22 -5.083629531292766522e-23
5.917968750000000000e-01 -1.264099705430494273e-22 -9.059054015241478351e-23 -3.581943039063464374e-23
5.927734375000000000e-01 -8.513423317918717571e-23 -6.595088364317746208e-23 -1.918334953600971069e-23
5.937500000000000000e-01 -6.322897911117745411e-23 -6.161997421937987707e-23 -1.609004891797577404e-24
5.947265625000000000e-01 1.663029835343368215e-23 4.561787330521917451e-25 1.617411962038148967e-23
5.957031250000000000e-01 1.531530359474086835e-22 1.197401984734823361e-22 3.341283747392634738e-23
5.966796875000000000e-01 3.171132735528764047e-23 -1.765522632942715284e-23 4.936655368471479331e-23
5.976562500000000000e-01 1.894621433584933779e-22 1.261261733891886824e-22 6.333596996930470718e-23
5.986328125000000000e-01 5.233272821631255993e-23 -2.236654642290579966e-23 7.469927463921836253e-23
5.996093750000000000e-01 6.952528188716371429e-23 -1.341011026035307296e-23 8.293539214751679312e-23
6.005859375000000000e-01 1.218293805489204500e-22 3.417643476859308859e-23 8.765294578032736141e-23
6.015625000000000000e-01 6.163019072304257709e-23 -2.697613644603138898e-23 8.860632716907396019e-23
6.025390625000000000e-01 4.307115027327126040e-23 -4.264386019818846244e-23 8.571501047145972284e-23
6.035156250000000000e-01 4.639925965825786313e-25 -7.860113236954630182e-23 7.906512496612888045e-23
6.044921875000000000e-01 4.450543481502067975e-23 -2.440733920685615408e-23 6.891277402187683090e-23
6.054687500000000000e-01 9.571013521575969980e-23 4.003840394803162909e-23 5.567173126772807659e-23
6.064453125000000000e-01 1.123601883727775561e-22 7.245631948128174373e-23 3.990386889149581232e-23
6.074218750000000000e-01 -1.759383414128699052e-23 -3.988541845930477634e-23 2.229158431801778582e-23
6.083984375000000000e-01 -2.442737414750445101e-23 -2.804014528668206593e-23 3.612771139177613448e-24
6.093750000000000000e-01 -1.548538826471721525e-23 -1.876522507567136891e-25 -1.529773601396050156e-23
6.103515625000000000e-01 -7.567137334337353733e-23 -4.209209814814800543e-23 -3.357927519522553190e-23
6.113281250000000000e-01 3.369170740081645828e-23 8.408106828566160307e-23 -5.038936088484514479e-23
6.123046875000000000e-01 -8.436706811988012896e-23 -1.942752940878255477e-23 -6.493953871109757419e-23
6.132812500000000000e-01 -7.808462733530260949e-23 -1.545769975616212137e-24 -7.653885735968639147e-23
6.142578125000000000e-01 -1.334251105838551142e-22 -4.880306814718679077e-23 -8.462204243666831170e-23
6.152343750000000000e-01 -5.465982962369837435e-23 3.412312659619338671e-23 -8.878295621989176106e-23
6.162109375000000000e-01 -1.782480201270340004e-22 -8.945497292386601863e-23 -8.879304720316797005e-23
6.171875000000000000e-01 -8.372954057416080608e-23 8.924609858639761279e-25 -8.462200156002478221e-23
6.181640625000000000e-01 5.225461195144835087e-23 1.286916612077359638e-22 -7.643704925628761294e-23
6.191406250000000000e-01 -1.088996035382380715e-22 -4.429696417026715948e-23 -6.460263936797091791e-23
6.201171875000000000e-01 1.833997573056602919e-23 6.800200179299507091e-23 -4.966202606242904173e-23
6.210937500000000000e-01 -1.898993572265916881e-23 1.333107022292222064e-23 -3.232100594558138945e-23
6.220703125000000000e-01 1.531910211880924982e-23 2.872982413563459796e-23 -1.341072201682534813e-23
6.230468750000000000e-01 -3.079795842977025582e-23 -3.694532686939665114e-23 6.147368439626393849e-24
6.240234375000000000e-01 5.043432904230468559e-23 2.504334796120896729e-23 2.539098108109571831e-23
6.250000000000000000e-01 2.611412284681242292e-23 -1.724314226827169779e-23 4.335726511508412071e-23
6.259765625000000000e-01 7.250168204737671401e-24 -5.188627313050834185e-23 5.913644133524601325e-23
6.269531250000000000e-01 1.168644897311770437e-22 4.494914905343666188e-23 7.191534067774038181e-23
6.279296875000000000e-01 2.298980860457690655e-22 1.488708865456538012e-22 8.102719950011524075e-23
6.289062500000000000e-01 1.052325094588100003e-22 1.925083796473652080e-23 8.598167149407348240e-23
6.298828125000000000e-01 7.150042281882755709e-23 -1.499780445912080853e-23 8.649822727794837150e-23
6.308593750000000000e-01 1.357336435656206377e-22 5.321270399962254330e-23 8.252093956599809440e-23
6.318359375000000000e-01 -5.573564865588045596e-23 -1.299689341271447534e-22 7.423328547126429743e-23
6.328125000000000000e-01 1.469371121295047588e-22 8.489066572288299167e-23 6.204644640662175537e-23
6.337890625000000000e-01 -1.190241514410728555e-23 -5.848846807020428465e-23 4.658605292609699910e-23
6.347656250000000000e-01 4.708075970804565728e-23 1.842245450257576691e-23 2.865830520546989038e-23
6.357421875000000000e-01 -1.337852305118168403e-23 -2.259693744387750951e-23 9.218414392695825483e-24
6.367187500000000000e-01 -5.193448358334281856e-23 -4.125006664715620616e-23 -1.068441693618661240e-23
6.376953125000000000e-01 -7.904785497329876301e-24 2.205404155343492839e-23 -2.995882705076480469e-23
6.386718750000000000e-01 -3.897985787070959059e-23 8.556669050955203926e-24 -4.753652692166479158e-23
6.396484375000000000e-01 -1.678410256052604964e-23 4.563944353106478930e-23 -6.242354609159083894e-23
6.406250000000000000e-01 2.524779284863047075e-24 7.628777596195595050e-23 -7.376299667709290343e-23
6.416015625000000000e-01 -5.910434425894353871e-23 2.177860901702600503e-23 -8.088295327596954962e-23
6.425781250000000000e-01 -3.663388541701800044e-23 4.671239930749580705e-23 -8.334628472451380748e-23
6.435546875000000000e-01 1.166095211437716604e-23 9.263352921423047805e-23 -8.097257709985331201e-23
6.445312500000000000e-01 -1.042340625123586999e-22 -3.037482738787298528e-23 -7.385923512448570871e-23
6.455078125000000000e-01 -8.440987385776647759e-23 -2.203131943285725988e-23 -6.237855442490921770e-23
6.464843750000000000e-01 -9.813921656109748777e-23 -5.096762480695837740e-23 -4.717159175413911037e-23
6.474609375000000000e-01 -1.572772589601010438e-22 -1.281682370661398443e-22 -2.910902189396121133e-23
6.484375000000000000e-01 -8.238504526341934217e-23 -7.313606926227716646e-23 -9.248976001142181587e-24
6.494140625000000000e-01 9.033085909093314999e-23 7.910426272100992103e-23 1.122659636992322896e-23
6.503906250000000000e-01 4.191328547544611605e-23 1.084331324688607214e-23 3.106997222856004097e-23
6.513671875000000000e-01 2.223101208469342631e-22 1.732611085715769500e-22 4.904901227535733074e-23
6.523437500000000000e-01 2.562583495878398979e-22 1.922382140579942792e-22 6.402013552984563048e-23
6.533203125000000000e-01 6.581646590555195863e-23 -9.191963693241826937e-24 7.500842959879378557e-23
6.542968750000000000e-01 1.669559095472724708e-22 8.569332266342807519e-23 8.126258688384439556e-23
6.552734375000000000e-01 2.364344154192344271e-23 -5.867116523031274340e-23 8.231460677223618610e-23
6.562500000000000000e-01 2.574526957596181459e-23 -5.226974591086225290e-23 7.801501548682406749e-23
6.572265625000000000e-01 -9.270800074013014312e-24 -7.783204048380371326e-23 6.856124040979069895e-23
6.582031250000000000e-01 9.915853626177511054e-24 -4.456925286279789988e-23 5.448510648897541093e-23
6.591796875000000000e-01 9.881413008186754783e-23 6.218070373860184763e-23 3.663342634326570020e-23
6.601562500000000000e-01 1.190048539640823252e-22 1.028856359532236840e-22 1.611921801085863242e-23
6.611328125000000000e-01 1.484435611240391778e-22 1.541751601165465181e-22 -5.731598992507341772e-24
6.621093750000000000e-01 4.005126161965522675e-24 3.147619613179684515e-23 -2.747106996983132247e-23
6.630859375000000000e-01 -5.821295917886267083e-24 4.179790643847209605e-23 -4.761920235635836313e-23
6.640625000000000000e-01 -1.157096174242204097e-22 -5.094132326841852282e-23 -6.476829415580189865e-23
6.650390625000000000e-01 -3.926421973892171011e-23 3.840414245758889561e-23 -7.766836219651060572e-23
6.660156250000000000e-01 -1.177292730221834892e-22 -3.240210790597001001e-23 -8.532716511621346745e-23
6.669921875000000000e-01 -2.680015281160233983e-22 -1.809146829939355653e-22 -8.708684512208782122e-23
6.679687500000000000e-01 -1.197904405873607676e-22 -3.709966700841635053e-23 -8.269077357894441711e-23
6.689453125000000000e-01 2.921791536501879712e-23 1.015208891378237577e-22 -7.230297377280496054e-23
6.699218750000000000e-01 -8.870038777775964204e-23 -3.218125710722183743e-23 -5.651913067053780461e-23
6.708984375000000000e-01 -7.771381847631390756e-23 -4.137410143896522864e-23 -3.633971703734867304e-23
6.718750000000000000e-01 -5.325931857421233808e-23 -4.013353658527611297e-23 -1.312578198893622952e-23
6.728515625000000000e-01 9.566528873731003735e-23 8.416569906405166593e-23 1.149958967325836701e-23
6.738281250000000000e-01 5.891734157715965210e-23 2.316096734441936472e-23 3.575637423274029326e-23
6.748046875000000000e-01 1.407621753142794903e-22 8.292653676011062723e-23 5.783563855416886309e-23
6.757812500000000000e-01 1.974313637463812134e-22 1.214129955452638132e-22 7.601836820111740023e-23
6.767578125000000000e-01 1.054578833950522576e-22 1.663583069565791323e-23 8.882205269939434730e-23
6.777343750000000000e-01 7.606667606453498159e-23 -1.905709094789404675e-23 9.512376701242902540e-23
6.787109375000000000e-01 4.291952003570673764e-23 -5.134883774988812163e-23 9.426835778559485926e-23
6.796875000000000000e-01 9.150246269252838863e-23 5.380307775452953164e-24 8.612215491707543547e-23
6.806640625000000000e-01 1.698720354115955004e-22 9.875454438773873352e-23 7.111749102385676692e-23
6.816406250000000000e-01 6.815534271863047819e-23 1.790855966118950337e-23 5.024678305744096894e-23
6.826171875000000000e-01 -4.263050952112286084e-23 -6.765055430466093111e-23 2.502004478353807027e-23
6.835937500000000000e-01 7.787459323968028293e-23 8.052756170439101466e-23 -2.652968464710732097e-24
6.845703125000000000e-01 4.104387926889436549e-23 7.163793837064181901e-23 -3.059405910174745352e-23
6.855468750000000000e-01 -9.340474772865695646e-23 -3.688376419413102023e-23 -5.652098353452593623e-23
6.865234375000000000e-01 -7.845664857194855233e-23 -2.403388751033507439e-25 -7.821630969684520158e-23
6.875000000000000000e-01 -5.602540237332554583e-23 3.771328585048896855e-23 -9.373868822381451439e-23
6.884765625000000000e-01 -2.210022817143525864e-22 -1.193989001146817710e-22 -1.016033815996707918e-22
6.894531250000000000e-01 -1.002933925631152722e-22 6.408770586391116910e-25 -1.009342696217543780e-22
6.904296875000000000e-01 -1.388331427691751350e-22 -4.728392804749886439e-23 -9.154921472167626477e-23
6.914062500000000000e-01 -7.726018346931704756e-23 -3.228782767837525142e-24 -7.403140070147952242e-23
6.923828125000000000e-01 -1.218572648948369358e-22 -7.213194371602569199e-23 -4.972532117881124971e-23
6.933593750000000000e-01 1.098871755934515906e-22 1.305492290140907790e-22 -2.066205342063918255e-23
6.943359375000000000e-01 1.086762902308276070e-22 9.805663988966249496e-23 1.061965034116510326e-23
6.953125000000000000e-01 1.338432715139800785e-22 9.257278813033918643e-23 4.127048338364090382e-23
6.962890625000000000e-01 5.644003272098923571e-23 -1.193148521640722881e-23 6.837151793739646011e-23
6.972656250000000000e-01 1.324459606865556956e-22 4.324969130894656980e-23 8.919626937760911399e-23
6.982421875000000000e-01 9.613269953468524843e-23 -5.391099637493342760e-24 1.015237991721785912e-22
6.992187500000000000e-01 9.068690250415527954e-23 -1.320299066913413333e-23 1.038898931732894129e-22
7.001953125000000000e-01 1.120411984949844824e-22 1.627126033804397171e-23 9.576993815694051072e-23
7.011718750000000000e-01 -2.074487482397500097e-23 -9.841025500271165673e-23 7.766538017873665576e-23
7.021484375000000000e-01 1.397973538144893931e-22 8.864256773781598154e-23 5.115478607667342336e-23
7.031250000000000000e-01 2.172338483296902124e-23 2.910005582762297562e-24 1.881337925020672220e-23
7.041015625000000000e-01 -9.935516847244522747e-23 -8.335155148790930367e-23 -1.600361698453592381e-23
7.050781250000000000e-01 -1.047778315129867671e-22 -5.525882203871496926e-23 -4.951900947427179198e-23
7.060546875000000000e-01 -5.638013733154368321e-23 2.151854073270638468e-23 -7.789867806425007377e-23
7.070312500000000000e-01 -4.239781915812283253e-23 5.525868964960893466e-23 -9.765650880773176719e-23
7.080078125000000000e-01 -7.719874549761352588e-23 2.888416899769811694e-23 -1.060829144953116369e-22
7.089843750000000000e-01 -6.539822357745392092e-23 3.629432309485040390e-23 -1.016925466723043248e-22
7.099609375000000000e-01 -5.424371929780871600e-23 3.025590504621982467e-23 -8.449962434402854068e-23
7.109375000000000000e-01 -7.551353336193752284e-23 -1.941003005381206485e-23 -5.610350330812545799e-23
7.119140625000000000e-01 -1.478882564583979422e-22 -1.282931125330686400e-22 -1.959514392532929626e-23
7.128906250000000000e-01 3.649305869120841426e-23 1.586294942852216952e-23 2.063010926268624474e-23
7.138671875000000000e-01 2.955518947370374526e-23 -2.974661560260946797e-23 5.930180507631321322e-23
7.148437500000000000e-01 1.410663436838993244e-22 5.011421320916457801e-23 9.095213047473475223e-23
7.158203125000000000e-01 1.379008147835437923e-22 2.716105245283971632e-23 1.107397623307040643e-22
7.167968750000000000e-01 1.930448431782703508e-22 7.790801759369863434e-23 1.151368255845717164e-22
7.177734375000000000e-01 8.298632426907938579e-23 -1.952087446687869763e-23 1.025071987359580834e-22
7.187500000000000000e-01 1.420469523932325601e-22 6.843462185004198691e-23 7.361233054319057314e-23
7.197265625000000000e-01 -8.671503687897834582e-24 -4.061601694480188774e-23 3.194451325690405316e-23
7.207031250000000000e-01 3.445611839768463132e-24 1.998303146318224938e-23 -1.653741962341378625e-23
7.216796875000000000e-01 -1.037362144108059661e-22 -3.948426623562786830e-23 -6.425194817517809775e-23
7.226562500000000000e-01 -2.068861615815533863e-22 -1.038190226055469029e-22 -1.030671389760064834e-22
7.236328125000000000e-01 -1.178472945418884434e-22 7.534502389550614993e-24 -1.253817969314390643e-22
7.246093750000000000e-01 -1.146137470386804584e-22 1.099105551371864572e-23 -1.256048025523991159e-22
7.255859375000000000e-01 -1.306956568378331500e-22 -2.882924821932140451e-23 -1.018664086185117514e-22
7.265625000000000000e-01 -5.616110436812942237e-23 9.016488240036450124e-25 -5.706275319213306444e-23
7.275390625000000000e-01 4.440355032530370554e-23 4.306937260648379343e-23 1.334177718819912847e-24
7.285156250000000000e-01 9.190394871852106107e-23 2.983411977372686887e-23 6.206982894479419220e-23
7.294921875000000000e-01 1.892975216703203223e-23 -9.252937639211313783e-23 1.114591285591451701e-22
7.304687500000000000e-01 1.769446421595671670e-22 4.080144368406923310e-23 1.361431984754979281e-22
7.314453125000000000e-01 1.292907286183928645e-22 2.246800961477432465e-24 1.270439276569154232e-22
7.324218750000000000e-01 9.889590333361580876e-23 1.616557892337524356e-23 8.273032441024056520e-23
7.333984375000000000e-01 9.155200066471996137e-23 8.003994097930140682e-23 1.151205968541855749e-23
7.343750000000000000e-01 -1.275169162070564865e-22 -5.939274061986067392e-23 -6.812417558719581258e-23
7.353515625000000000e-01 -7.499689930686215691e-23 5.582094778017500361e-23 -1.308178470870371605e-22
7.363281250000000000e-01 -9.647950495753422894e-23 5.527276485470976437e-23 -1.517522698122439933e-22
7.373046875000000000e-01 -1.213533616786478485e-23 1.028414612818145113e-22 -1.149767974496792961e-22
7.382812500000000000e-01 6.718607913995982828e-23 8.995630586710293973e-23 -2.277022672714310851e-23
7.392578125000000000e-01 9.179546658732367004e-23 -1.578929445153637914e-24 9.337439603247730795e-23
7.402343750000000000e-01 1.069388610010260763e-22 -6.617070625513093868e-23 1.731095672561570150e-22
7.412109375000000000e-01 1.394862246851651742e-22 -1.482788746835625946e-23 1.543141121535214395e-22
7.421875000000000000e-01 3.439342687986923277e-23 1.263822859695493940e-23 2.175519828291429336e-23
7.431640625000000000e-01 -1.306812718274949996e-22 1.402885253946327650e-23 -1.447101243669582820e-22
7.441406250000000000e-01 -7.550223523270967117e-23 1.067201104992143419e-22 -1.822223457319240131e-22
7.451171875000000000e-01 5.340973409935969925e-23 6.463668583994977236e-23 -1.122695174059007017e-23
7.460937500000000000e-01 1.678935658835249001e-22 -2.766352863523469710e-24 1.706599187470483635e-22
7.470703125000000000e-01 5.967210967183998893e-23 -3.377284484350797115e-23 9.344495451534796008e-23
7.480468750000000000e-01 -4.124067958359077564e-23 6.417571663418569898e-23 -1.054163962177764746e-22
7.490234375000000000e-01 -9.377162848696470079e-23 -1.125478936523105513e-23 -8.251683912173365154e-23
7.500000000000000000e-01 1.223535989783531262e-22 5.795077364777488223e-23 6.440282533057824394e-23
7.509765625000000000e-01 1.002770614650545750e-22 5.068818497244019637e-23 4.958887649261437861e-23
7.519531250000000000e-01 -1.020125397104511505e-22 -5.903472891893539808e-23 -4.297781079151575244e-23
7.529296875000000000e-01 1.350208451145039657e-23 4.041590706941640533e-23 -2.691382255796600876e-23
7.539062500000000000e-01 7.840985746700438290e-23 5.140735284513648721e-23 2.700250462186790156e-23
7.548828125000000000e-01 1.014935683917547143e-22 9.101901996171869691e-23 1.047454843003601445e-23
7.558593750000000000e-01 -5.459714624908911096e-23 -3.441900636555525526e-23 -2.017813988353384983e-23
7.568359375000000000e-01 3.181770026337487617e-24 9.594250189640652646e-24 -6.412480163303165029e-24
7.578125000000000000e-01 1.616484555549457056e-22 1.514451900354131997e-22 1.020326551953251621e-23
7.587890625000000000e-01 -7.052527339133059598e-23 -7.022451273559206751e-23 -3.007606557385326447e-25
7.597656250000000000e-01 1.331301804943266326e-23 2.222857170519412495e-23 -8.915553655761461690e-24
7.607421875000000000e-01 -6.776521505410700880e-23 -6.641134085302694116e-23 -1.353874201080063604e-24
7.617187500000000000e-01 -7.681145220906018746e-23 -7.998527298684522958e-23 3.173820777785039909e-24
7.626953125000000000e-01 1.035355607953564297e-22 1.051756858158339757e-22 -1.640125020477546679e-24
7.636718750000000000e-01 1.120186351615063892e-22 1.155066480577553673e-22 -3.488012896248975073e-24
7.646484375000000000e-01 1.798665480220283517e-23 1.800449629851639989e-23 -1.784149631356589365e-26
7.656250000000000000e-01 1.356536599427229998e-22 1.344789692944818441e-22 1.174690648241167085e-24
7.666015625000000000e-01 -8.994097433813663236e-23 -8.936181797199614118e-23 -5.791563661404854831e-25
7.675781250000000000e-01 -3.332008489521649857e-23 -3.262711796701428282e-23 -6.929669282022158420e-25
7.685546875000000000e-01 3.947679069559634199e-23 3.870325686648241446e-23 7.735338291139284499e-25
7.695312500000000000e-01 -1.569505931407511194e-23 -1.684231554028717376e-23 1.147256226212060718e-24
7.705078125000000000e-01 -8.903233497259275619e-24 -9.544756836732804146e-24 6.415233394735292615e-25
7.714843750000000000e-01 -1.328335624274292636e-23 -1.407194019970406287e-23 7.885839569611366957e-25
7.724609375000000000e-01 5.389166501939287922e-23 5.255848610428328973e-23 1.333178915109590768e-24
7.734375000000000000e-01 -1.028106756645252029e-22 -1.042546070877195039e-22 1.443931423194295466e-24
7.744140625000000000e-01 -7.429368918498067583e-23 -7.557967920916771326e-23 1.285990024187039266e-24
7.753906250000000000e-01 -2.080396671965536073e-23 -2.211131864895597081e-23 1.307351929300610079e-24
7.763671875000000000e-01 -3.132177783956632664e-23 -3.270371774065612449e-23 1.381939901089798585e-24
7.773437500000000000e-01 1.879261804924635798e-23 1.748243865367459802e-23 1.310179395571758487e-24
7.783203125000000000e-01 7.404343992597510094e-23 7.289014507248414335e-23 1.153294853490953553e-24
7.792968750000000000e-01 1.389936266007056419e-23 1.288990622929328510e-23 1.009456430777278533e-24
7.802734375000000000e-01 -3.736723668059355291e-23 -3.820727964766743919e-23 8.400429670738888528e-25
7.812500000000000000e-01 7.906781250549442295e-23 7.842627609649668945e-23 6.415364089977325852e-25
7.822265625000000000e-01 7.335565584116027636e-23 7.292513925574275073e-23 4.305165854175290223e-25
7.832031250000000000e-01 2.273721707937596225e-23 2.253028738132012035e-23 2.069296980558414407e-25
7.841796875000000000e-01 -5.119114331937715846e-23 -5.115354227158583757e-23 -3.760104779131865196e-26
7.851562500000000000e-01 -3.850516753260744101e-23 -3.824684005229055534e-23 -2.583274803168867310e-25
7.861328125000000000e-01 6.373361362305523584e-23 6.418216248951144855e-23 -4.485488664562112400e-25
7.871093750000000000e-01 -2.865639088292884214e-23 -2.802669095115332629e-23 -6.296999317755147423e-25
7.880859375000000000e-01 4.706686013713281324e-23 4.787710607893835290e-23 -8.102459418055418638e-25
7.890625000000000000e-01 2.242331615375905102e-23 2.336963021610732440e-23 -9.463140623482730118e-25
7.900390625000000000e-01 -3.376324111412709704e-23 -3.273241383595923127e-23 -1.030827278167864120e-24
7.910156250000000000e-01 -4.603389380499917111e-23 -4.494920616511907391e-23 -1.084687639880099404e-24
7.919921875000000000e-01 4.743173404569186441e-23 4.855635817182663563e-23 -1.124624126134770852e-24
7.929687500000000000e-01 -3.119587386357007362e-23 -3.007453258666785622e-23 -1.121341276902219971e-24
7.939453125000000000e-01 -5.062231880789404027e-23 -4.955463248013616111e-23 -1.067686327757879706e-24
7.949218750000000000e-01 -2.695456998149157026e-23 -2.597526797977479861e-23 -9.793020017167690796e-25
7.958984375000000000e-01 6.905205647786046371e-24 7.785146222047937096e-24 -8.799405742618910925e-25
7.968750000000000000e-01 1.268679842795235105e-22 1.276235181571402418e-22 -7.555338776167209922e-25
7.978515625000000000e-01 2.699608773980385583e-23 2.759616172377864924e-23 -6.000739839747941486e-25
7.988281250000000000e-01 -1.295585870207151256e-22 -1.291363322960496888e-22 -4.222547246654367705e-25
7.998046875000000000e-01 6.882920654196503467e-23 6.907673173725210554e-23 -2.475251952870743660e-25
8.007812500000000000e-01 -1.553071997940431214e-22 -1.552342874832181865e-22 -7.291231082493888528e-26
8.017578125000000000e-01 -2.603911900204595896e-23 -2.614470872331855457e-23 1.055897212725957913e-25
8.027343750000000000e-01 -9.199559828655602762e-23 -9.228174365285963950e-23 2.861453663036118834e-25
8.037109375000000000e-01 -7.970648870604702673e-23 -8.015297599099301387e-23 4.464872849459898022e-25
8.046875000000000000e-01 -3.137652534836040536e-23 -3.196047120090639302e-23 5.839458525459904123e-25
8.056640625000000000e-01 -3.001289996924463614e-23 -3.071418280828759630e-23 7.012828390429603462e-25
8.066406250000000000e-01 -4.847787506950695829e-23 -4.928132941839632151e-23 8.034543488893626623e-25
8.076171875000000000e-01 -5.874204040029465286e-23 -5.961702651190056439e-23 8.749861116059141008e-25
8.085937500000000000e-01 -2.027590829626686964e-22 -2.036713170801290661e-22 9.122341174603686003e-25
8.095703125000000000e-01 -4.029611261981422793e-23 -4.121353437774153415e-23 9.174217579273052998e-25
8.105468750000000000e-01 -6.361107968089635894e-23 -6.451218598959336776e-23 9.011063086970055206e-25
8.115234375000000000e-01 -4.482799496086652107e-23 -4.568392368254016289e-23 8.559287216736403503e-25
8.125000000000000000e-01 1.362171586877003764e-23 1.284127227203529390e-23 7.804435967347433696e-25
8.134765625000000000e-01 1.007457225765933256e-22 1.000688117934266339e-22 6.769107831666964736e-25
8.144531250000000000e-01 1.220820530628267397e-22 1.215225494559938790e-22 5.595036068328596053e-25
8.154296875000000000e-01 4.411560971191751434e-23 4.368776865775659812e-23 4.278410541609146615e-25
8.164062500000000000e-01 -1.012091859002033148e-22 -1.014923782843059963e-22 2.831923841026811125e-25
8.173828125000000000e-01 -5.474215555842509739e-23 -5.486901305656167744e-23 1.268574981365858816e-25
8.183593750000000000e-01 7.078939352710653451e-23 7.081612766420058394e-23 -2.673413709404959160e-26
8.193359375000000000e-01 -9.446266429762986627e-23 -9.428852909624795218e-23 -1.741352013819121127e-25
8.203125000000000000e-01 1.197770920691379255e-23 1.229032532158216710e-23 -3.126161146683740404e-25
8.212890625000000000e-01 -1.340808164325160092e-22 -1.336374719145212948e-22 -4.433445179947070217e-25
8.222656250000000000e-01 -3.918907607395692228e-23 -3.863406716680938308e-23 -5.550089071475389239e-25
8.232421875000000000e-01 7.955710290567917320e-23 8.020120672113910221e-23 -6.441038154599307554e-25
8.242187500000000000e-01 -2.117512768164884115e-22 -2.110427761687151722e-22 -7.085006477732474780e-25
8.251953125000000000e-01 -1.066897609521101293e-22 -1.059366351936203887e-22 -7.531257584897522722e-25
8.261718750000000000e-01 -1.223865272135864798e-23 -1.146670205801060236e-23 -7.719506633480454280e-25
8.271484375000000000e-01 7.272819095383475608e-23 7.349208909694729344e-23 -7.638981431125338724e-25
8.281250000000000000e-01 1.433890503684326924e-23 1.506723064972440787e-23 -7.283256128811390874e-25
8.291015625000000000e-01 8.147301315732588814e-24 8.820789800913513674e-24 -6.734884851809252270e-25
8.300781250000000000e-01 1.462366828527547678e-22 1.468352565520071306e-22 -5.985736992523696325e-25
8.310546875000000000e-01 3.483641985666414176e-23 3.534192441082283540e-23 -5.055045541586950214e-25
8.320312500000000000e-01 -8.031805348423485229e-23 -7.992333234265384506e-23 -3.947211415810127327e-25
8.330078125000000000e-01 7.880224595211889615e-23 7.907826844236875021e-23 -2.760224902498561759e-25
8.339843750000000000e-01 2.094776098896258992e-22 2.096295265947062384e-22 -1.519167050803329680e-25
8.349609375000000000e-01 4.150601618369307809e-23 4.153215797715199926e-23 -2.614179345892319412e-26
8.359375000000000000e-01 -3.722813062472516893e-23 -3.732942246879991727e-23 1.012918440747487956e-25
8.369140625000000000e-01 2.428998204187682623e-24 2.207460872984962070e-24 2.215373312027205995e-25
8.378906250000000000e-01 -9.650211893806675502e-23 -9.683348151766017261e-23 3.313625795934119867e-25
8.388671875000000000e-01 -1.580803070363811357e-22 -1.585071736886596087e-22 4.268666522784740957e-25
8.398437500000000000e-01 4.239522867178669273e-23 4.188541683957708397e-23 5.098118322096113249e-25
8.408203125000000000e-01 -3.252257826055021243e-23 -3.309684670489092829e-23 5.742684443407136509e-25
8.417968750000000000e-01 -3.369036823375850174e-23 -3.430889458087785643e-23 6.185263471193572554e-25
8.427734375000000000e-01 -7.351128919372887599e-23 -7.415124382064630246e-23 6.399546269174273982e-25
8.437500000000000000e-01 -1.415567259051600880e-23 -1.479849932007796953e-23 6.428267295619599912e-25
8.447265625000000000e-01 -2.102493733714702399e-24 -2.727512277245492158e-24 6.250185435307899422e-25
8.457031250000000000e-01 -1.513240248866266465e-22 -1.519114695430159453e-22 5.874446563892965277e-25
8.466796875000000000e-01 -1.089155229062790568e-22 -1.094446757272945625e-22 5.291528210155128978e-25
8.476562500000000000e-01 8.735238936494596008e-23 8.689589478546213051e-23 4.564945794838317699e-25
8.486328125000000000e-01 -1.902819309434608812e-23 -1.939883638939785208e-23 3.706432950517634107e-25
8.496093750000000000e-01 -2.575481589689753251e-23 -2.602977442844562663e-23 2.749585315480932549e-25
8.505859375000000000e-01 -6.826096463967890746e-23 -6.843057834419397544e-23 1.696137045150691759e-25
8.515625000000000000e-01 1.203575975626046812e-23 1.197408663701609813e-23 6.167311924437044903e-26
8.525390625000000000e-01 1.280155178359778147e-23 1.284762166584410678e-23 -4.606988224632548848e-26
8.535156250000000000e-01 9.539697212561258338e-23 9.554615916801952349e-23 -1.491870424069437803e-25
8.544921875000000000e-01 3.664567856659505855e-23 3.689347756473531003e-23 -2.477989981402489485e-25
8.554687500000000000e-01 1.714673493575057685e-23 1.748279247081457041e-23 -3.360575350639934223e-25
8.564453125000000000e-01 -4.240546373528102066e-23 -4.199377032918259325e-23 -4.116934060984297495e-25
8.574218750000000000e-01 1.932097428041349528e-22 1.936806331004808617e-22 -4.708902963459086549e-25
8.583984375000000000e-01 -2.065448184429828264e-23 -2.013909507860844227e-23 -5.153867656898417494e-25
8.593750000000000000e-01 2.534502167308842176e-23 2.588706211230494617e-23 -5.420404392165254150e-25
8.603515625000000000e-01 -4.510781807277519439e-23 -4.455706828021631894e-23 -5.507497925588771945e-25
8.613281250000000000e-01 1.330017931032409861e-22 1.335412685284512608e-22 -5.394754252102805103e-25
8.623046875000000000e-01 9.271175079936254667e-23 9.322385994880401666e-23 -5.121091494414710922e-25
8.632812500000000000e-01 1.212605304859347116e-23 1.259459842473474773e-23 -4.685453761412760182e-25
8.642578125000000000e-01 5.006486663817340639e-23 5.047605625517310030e-23 -4.111896169996963465e-25
8.652343750000000000e-01 -4.019904648366732556e-23 -3.985935468700318470e-23 -3.396917966641427412e-25
8.662109375000000000e-01 -4.721469237171904980e-23 -4.695533087131837368e-23 -2.593615004006761666e-25
8.671875000000000000e-01 -7.076996907044825657e-24 -6.904878947220125394e-24 -1.721179598246997114e-25
8.681640625000000000e-01 1.167821957830694055e-22 1.168641751918981957e-22 -8.197940882879823219e-26
8.691406250000000000e-01 6.254047973999724301e-23 6.252973484160130142e-23 1.074489839594091201e-26
8.701171875000000000e-01 -3.063836404446492893e-25 -4.071966245601717905e-25 1.008129841155225013e-25
8.710937500000000000e-01 4.673671574495819985e-23 4.655069262370168974e-23 1.860231212565093506e-25
8.720703125000000000e-01 -1.843481368015081632e-23 -1.869709455149399506e-23 2.622808713431785497e-25
8.730468750000000000e-01 -3.676071790945703291e-23 -3.709070441892559212e-23 3.299865094685614153e-25
8.740234375000000000e-01 7.316683092983480415e-23 7.278136700647181847e-23 3.854639233629861930e-25
8.750000000000000000e-01 -8.189961091355063097e-23 -8.232742011389083917e-23 4.278092003402028769e-25
8.759765625000000000e-01 2.675717278931105235e-23 2.630307757671147188e-23 4.540952125995807446e-25
8.769531250000000000e-01 1.193499609504608133e-22 1.188836879885720527e-22 4.662729618887657697e-25
8.779296875000000000e-01 3.679996451461147776e-23 3.633698210093365678e-23 4.629824136778234670e-25
8.789062500000000000e-01 -8.390411051121161356e-24 -8.835821093062614062e-24 4.454100419414520634e-25
8.798828125000000000e-01 4.698218420342395136e-23 4.656988048979557118e-23 4.123037136283787080e-25
8.808593750000000000e-01 4.250691872868253061e-23 4.213971743216116987e-23 3.672012965213631738e-25
8.818359375000000000e-01 3.672270439387443615e-23 3.641186268467600560e-23 3.108417091984327626e-25
8.828125000000000000e-01 6.329331173562435716e-23 6.304703851689362364e-23 2.462732187307338910e-25
8.837890625000000000e-01 7.340891277014635742e-23 7.323541305788033467e-23 1.734997122660284862e-25
8.847656250000000000e-01 -1.421551941606855464e-22 -1.422520279289600213e-22 9.683376827447422816e-26
8.857421875000000000e-01 7.798336949127872093e-23 7.796531081859009541e-23 1.805867268862252530e-26
8.867187500000000000e-01 -3.794689436318971760e-24 -3.735782693615037420e-24 -5.890674270393397314e-26
8.876953125000000000e-01 -4.661723276326206480e-23 -4.648344130615191205e-23 -1.337914571101545428e-25
8.886718750000000000e-01 5.497063537135864256e-23 5.517336388166918718e-23 -2.027285103105390845e-25
8.896484375000000000e-01 -9.647864767990420770e-23 -9.621433547484870175e-23 -2.643122050555099849e-25
8.906250000000000000e-01 5.597846733034817417e-23 5.629353397466668408e-23 -3.150666443185053151e-25
8.916015625000000000e-01 1.994436724150055451e-23 2.029994780002629130e-23 -3.555805585257368818e-25
8.925781250000000000e-01 -3.615537117926438192e-23 -3.577182251649677532e-23 -3.835486627676063758e-25
8.935546875000000000e-01 -3.969277355890927392e-23 -3.929367304179498130e-23 -3.991005171142907311e-25
8.945312500000000000e-01 -1.489093489526832224e-22 -1.485091996495193696e-22 -4.001493031638546341e-25
8.955078125000000000e-01 7.860710152092823026e-23 7.899584597726587744e-23 -3.887444563376448853e-25
8.964843750000000000e-01 4.729488643646517362e-23 4.765943828819465224e-23 -3.645518517294778425e-25
8.974609375000000000e-01 -3.133661869885960099e-23 -3.100701224386986832e-23 -3.296064549897327593e-25
8.984375000000000000e-01 2.796215859929004556e-23 2.824553735039901607e-23 -2.833787511089678450e-25
8.994140625000000000e-01 -1.566237940281319009e-23 -1.543321292337060041e-23 -2.291664794425891204e-25
9.003906250000000000e-01 4.464693898977256614e-23 4.481503908398800414e-23 -1.681000942154383248e-25
9.013671875000000000e-01 -8.165721161309876694e-23 -8.155367973119206388e-23 -1.035318819067083383e-25
9.023437500000000000e-01 -1.636918400791326293e-23 -1.633339761401456489e-23 -3.578639389869682324e-26
9.033203125000000000e-01 5.163717429874000007e-23 5.160562260285250636e-23 3.155169588749619595e-26
9.042968750000000000e-01 -8.887039011246495060e-23 -8.896744780412700939e-23 9.705769166205975745e-26
9.052734375000000000e-01 -3.036123314249287488e-23 -3.051843756822643286e-23 1.572044257335556920e-25
9.062500000000000000e-01 -6.566968323979151720e-23 -6.588155931447472654e-23 2.118760746832062136e-25
9.072265625000000000e-01 2.320920275994999539e-23 2.295088365710317022e-23 2.583191028468238781e-25
9.082031250000000000e-01 1.607705501744752314e-22 1.604745295030578028e-22 2.960206714174208401e-25
9.091796875000000000e-01 7.476053925194262889e-23 7.443816965156353244e-23 3.223696003790956194e-25
9.101562500000000000e-01 8.230452394043412225e-23 8.196621118150739383e-23 3.383127589267311298e-25
9.111328125000000000e-01 -5.558889802915967048e-23 -5.593153229931866815e-23 3.426342701589920173e-25
9.121093750000000000e-01 5.042538774060449225e-23 5.008900107087043211e-23 3.363866697340577582e-25
9.130859375000000000e-01 -1.126298893555905796e-23 -1.158134012011867352e-23 3.183511845596156473e-25
9.140625000000000000e-01 -8.406764527848782775e-24 -8.697478456407833823e-24 2.907139285590507725e-25
9.150390625000000000e-01 1.307060311434287503e-22 1.304522832695900636e-22 2.537478738386936181e-25
9.160156250000000000e-01 -9.389105705678902615e-23 -9.410100853824201336e-23 2.099514814529906070e-25
9.169921875000000000e-01 8.386849244788652796e-23 8.370922755256636660e-23 1.592648953201561623e-25
9.179687500000000000e-01 5.378404014674750648e-23 5.367940389637915077e-23 1.046362503683611737e-25
9.189453125000000000e-01 3.308536860796078828e-23 3.303824296581165563e-23 4.712564214913516558e-26
9.199218750000000000e-01 4.346323782652424763e-23 4.347331781831005456e-23 -1.007999178580867919e-26
9.208984375000000000e-01 -4.137891980538173164e-23 -4.131226478299152989e-23 -6.665502239020387190e-26
9.218750000000000000e-01 1.265550662190435686e-22 1.266748377448114886e-22 -1.197715257679151179e-25
9.228515625000000000e-01 8.235515861842556297e-24 8.404104437279130041e-24 -1.685885754365741109e-25
9.238281250000000000e-01 -5.821202140271818392e-23 -5.800181452668950248e-23 -2.102068760286777616e-25
9.248046875000000000e-01 -6.678625161603249831e-24 -6.433847337705617454e-24 -2.447778238976327441e-25
9.257812500000000000e-01 7.986010562278089084e-23 8.013052392763142601e-23 -2.704183048505371840e-25
9.267578125000000000e-01 -2.032769318435597827e-23 -2.004033228021008348e-23 -2.873609041458951177e-25
9.277343750000000000e-01 5.824934491259135596e-23 5.854311079145988276e-23 -2.937658788685307503e-25
9.287109375000000000e-01 6.774363805942818987e-24 7.065195304500772727e-24 -2.908314985579541987e-25
9.296875000000000000e-01 3.052659705890586940e-23 3.080461346953463526e-23 -2.780164106287642513e-25
9.306640625000000000e-01 -5.812800196287001488e-25 -3.243347207596049236e-25 -2.569452988690952252e-25
9.316406250000000000e-01 -1.798068922403837904e-22 -1.795798618047545314e-22 -2.270304356292498733e-25
9.326171875000000000e-01 -4.480899055809743337e-23 -4.461851142987587150e-23 -1.904791282215640711e-25
9.335937500000000000e-01 1.291156751143725871e-22 1.292635119997570837e-22 -1.478368853845062979e-25
9.345703125000000000e-01 -6.380236798329439517e-23 -6.370059698523615558e-23 -1.017709980582380057e-25
9.355468750000000000e-01 -5.467444622396577407e-24 -5.414926990539181973e-24 -5.251763185739529605e-26
9.365234375000000000e-01 -2.057712397616058971e-23 -2.057442424721851542e-23 -2.699728942074869464e-27
9.375000000000000000e-01 1.064043360858922505e-23 1.059360560408331777e-23 4.682800450590761075e-26
9.384765625000000000e-01 4.497872704318169760e-23 4.488553237262557645e-23 9.319467055612088211e-26
9.394531250000000000e-01 3.243465152327205184e-23 3.229848874697680749e-23 1.361627762952432022e-25
9.404296875000000000e-01 7.357017387357819510e-23 7.339663420537681483e-23 1.735396682013833750e-25
9.414062500000000000e-01 1.182158048903308974e-23 1.161651606641097453e-23 2.050644226221152964e-25
9.423828125000000000e-01 -1.600704304087183400e-22 -1.602989537394138838e-22 2.285233306955457434e-25
9.433593750000000000e-01 -3.585726762974798272e-24 -3.830126499965632031e-24 2.443997369908337128e-25
9.443359375000000000e-01 -1.990481489763025614e-23 -2.015635238085346982e-23 2.515374832232145970e-25
9.453125000000000000e-01 -4.037301080863463686e-23 -4.062383937912080869e-23 2.508285704861735322e-25
9.462890625000000000e-01 -6.026498581967068067e-23 -6.050616465488366121e-23 2.411788352129858724e-25
9.472656250000000000e-01 6.093091433626174262e-23 6.070685400102709746e-23 2.240603352346466262e-25
9.482421875000000000e-01 -5.289350839430170076e-24 -5.488773717352750411e-24 1.994228779225802432e-25
9.492187500000000000e-01 8.091957892715318465e-24 7.922688137129362033e-24 1.692697555859559738e-25
9.501953125000000000e-01 3.357211880401626952e-23 3.343863426088772271e-23 1.334845431285486447e-25
9.511718750000000000e-01 2.491467976183263667e-23 2.482045742365886829e-23 9.422233817376716664e-26
9.521484375000000000e-01 5.682902531249996289e-23 5.677696527336591060e-23 5.206003913405365381e-26
9.531250000000000000e-01 1.139345187659180181e-22 1.139249615988316036e-22 9.557167086416814096e-27
9.541015625000000000e-01 1.467726828917657195e-23 1.471027087726360684e-23 -3.300258808703604072e-26
9.550781250000000000e-01 7.204362270626236860e-24 7.277786267963103022e-24 -7.342399733686616224e-26
9.560546875000000000e-01 -2.684834390393984571e-23 -2.673709820965940344e-23 -1.112456942804407491e-25
9.570312500000000000e-01 2.659900373350402287e-23 2.674312001112852891e-23 -1.441162776245036577e-25
9.580078125000000000e-01 -9.352239862790814705e-23 -9.335034286871939369e-23 -1.720557591887582719e-25
9.589843750000000000e-01 -1.417197113103060146e-22 -1.415262303992041093e-22 -1.934809111019070680e-25
9.599609375000000000e-01 -5.837748970848715777e-23 -5.816879761632205444e-23 -2.086920921651043447e-25
9.609375000000000000e-01 1.092298941673008501e-22 1.094460354257504848e-22 -2.161412584496440165e-25
9.619140625000000000e-01 1.555118687566065017e-23 1.576780433148420188e-23 -2.166174558235524408e-25
9.628906250000000000e-01 6.083358592976788826e-23 6.104306716829744718e-23 -2.094812385295534094e-25
9.638671875000000000e-01 -1.032547764116227194e-22 -1.030587196346340118e-22 -1.960567769887114443e-25
9.648437500000000000e-01 -1.056295040483397686e-22 -1.054537172364993127e-22 -1.757868118404510781e-25
9.658203125000000000e-01 2.547447010938350723e-23 2.562474276441375975e-23 -1.502726550302531713e-25
9.667968750000000000e-01 -3.699736576542854066e-23 -3.687767340133424405e-23 -1.196923640942945454e-25
9.677734375000000000e-01 1.604424804511305548e-22 1.605286433455155353e-22 -8.616289438496983837e-26
9.687500000000000000e-01 2.936508975100231719e-23 2.941490813745105939e-23 -4.981838644874131077e-26
9.697265625000000000e-01 -1.114654028941214283e-22 -1.114527335799583185e-22 -1.266931416311817943e-26
9.707031250000000000e-01 -9.862652549339103618e-23 -9.865134711078109752e-23 2.482161739006311404e-26
9.716796875000000000e-01 5.301763791693917516e-23 5.295729366312218290e-23 6.034425381698945424e-26
9.726562500000000000e-01 3.570805427858788122e-23 3.561437815890637513e-23 9.367611968150452741e-26
9.736328125000000000e-01 -1.970953245101214992e-22 -1.972183394715730567e-22 1.230149614515559680e-25
9.746093750000000000e-01 6.090969473364094136e-23 6.076141334508884118e-23 1.482813885520962839e-25
9.755859375000000000e-01 -1.937443146839782715e-23 -1.954207783911416339e-23 1.676463707163373601e-25
9.765625000000000000e-01 9.524957445812802787e-24 9.343555227044414655e-24 1.814022187683877641e-25
9.775390625000000000e-01 -5.044357439649499823e-23 -5.063204245323935658e-23 1.884680567443563782e-25
9.785156250000000000e-01 1.021832571798017066e-22 1.019936485930296311e-22 1.896085867720710164e-25
9.794921875000000000e-01 6.430094700236069438e-24 6.246224167705222528e-24 1.838705325308467257e-25
9.804687500000000000e-01 -8.828634761919001903e-23 -8.845867604572436411e-23 1.723284265343421630e-25
9.814453125000000000e-01 7.456507754142405387e-23 7.441033680875030343e-23 1.547407326737489753e-25
9.824218750000000000e-01 -4.870476875403630848e-23 -4.883750311970188581e-23 1.327343656655756729e-25
9.833984375000000000e-01 -7.934953385453345007e-23 -7.945570665370541006e-23 1.061727991719577377e-25
9.843750000000000000e-01 -3.605817610898485024e-23 -3.613491468489121529e-23 7.673857590636435017e-26
9.853515625000000000e-01 1.185665906945342009e-23 1.181194783983647835e-23 4.471122961694129208e-26
9.863281250000000000e-01 -7.460509533031961503e-23 -7.461726133220149880e-23 1.216600188188658277e-26
9.873046875000000000e-01 -3.805602803778692433e-23 -3.803535529704123526e-23 -2.067274074568647791e-26
9.882812500000000000e-01 -2.614356048737627378e-23 -2.609154456240296343e-23 -5.201592497330989443e-26
9.892578125000000000e-01 9.348488732456960614e-23 9.356652141668009777e-23 -8.163409211049348781e-26
9.902343750000000000e-01 -2.235596128917896192e-23 -2.224835600362696493e-23 -1.076052855519970414e-25
9.912109375000000000e-01 1.201426584513452123e-23 1.214417971060705155e-23 -1.299138654725299728e-25
9.921875000000000000e-01 1.232143283657712247e-22 1.233615182676261541e-22 -1.471899018549301369e-25
9.931640625000000000e-01 -2.157366917022439024e-23 -2.141390090915638279e-23 -1.597682610680081881e-25
9.941406250000000000e-01 5.599386149825730090e-23 5.616023017282143829e-23 -1.663686745641320596e-25
9.951171875000000000e-01 1.691972502099379560e-23 1.708731403742780273e-23 -1.675890164340075882e-25
9.960937500000000000e-01 -1.764396514536587491e-22 -1.762768794052516772e-22 -1.627720484070776932e-25
9.970703125000000000e-01 -9.558883291068086700e-24 -9.405851370262500442e-24 -1.530319208055861205e-25
9.980468750000000000e-01 2.991502303866640168e-23 3.005290255949067338e-23 -1.378795208242738171e-25
9.990234375000000000e-01 -3.745453747432263889e-23 -3.733596174330511373e-23 -1.185757310175276842e-25
